appid,name,player_count,result
730,Counter-Strike 2,682378.0,1
570,Dota 2,284438.0,1
578080,PUBG: BATTLEGROUNDS,207046.0,1
252490,Rust,100213.0,1
359550,Tom Clancy's Rainbow Six® Siege X,82809.0,1
431960,Wallpaper Engine,73971.0,1
413150,Stardew Valley,71635.0,1
218,Source SDK Base 2007,67311.0,1
381210,Dead by Daylight,65430.0,1
440,Team Fortress 2,49149.0,1
251570,7 Days to Die,44835.0,1
238960,Path of Exile,44034.0,1
230410,Warframe,43941.0,1
271590,Grand Theft Auto V Legacy,43727.0,1
236390,War Thunder,41811.0,1
438100,VRChat,39154.0,1
553850,HELLDIVERS™ 2,37585.0,1
550,Left 4 Dead 2,33725.0,1
480,Spacewar,29767.0,1
221100,DayZ,28988.0,1
105600,Terraria,26304.0,1
289070,Sid Meier's Civilization VI,25747.0,1
394360,Hearts of Iron IV,25591.0,1
294100,RimWorld,23583.0,1
322330,Don't Starve Together,22697.0,1
108600,Project Zomboid,21425.0,1
322170,Geometry Dash,20771.0,1
346110,ARK: Survival Evolved,20150.0,1
218620,PAYDAY 2,19317.0,1
252950,Rocket League,17699.0,1
261550,Mount & Blade II: Bannerlord,17248.0,1
39210,FINAL FANTASY XIV Online,16634.0,1
4000,Garry's Mod,16337.0,1
250900,The Binding of Isaac: Rebirth,15880.0,1
513710,SCUM,15587.0,1
489830,The Elder Scrolls V: Skyrim Special Edition,15191.0,1
582660,Black Desert,15180.0,1
526870,Satisfactory,14677.0,1
646570,Slay the Spire,13985.0,1
240,Counter-Strike: Source,13767.0,1
284160,BeamNG.drive,13329.0,1
427520,Factorio,12093.0,1
304930,Unturned,12030.0,1
291550,Brawlhalla,11678.0,1
8930,Sid Meier's Civilization V,11670.0,1
281990,Stellaris,11389.0,1
377160,Fallout 4,11355.0,1
216150,MapleStory,11352.0,1
629520,Soundpad,11246.0,1
227300,Euro Truck Simulator 2,10959.0,1
582010,Monster Hunter: World,10520.0,1
242760,The Forest,10378.0,1
457140,Oxygen Not Included,10091.0,1
306130,The Elder Scrolls Online,9998.0,1
594650,Hunt: Showdown 1896,9352.0,1
529340,Victoria 3,9172.0,1
236850,Europa Universalis IV,9146.0,1
292030,The Witcher 3: Wild Hunt,8901.0,1
270880,American Truck Simulator,8681.0,1
286160,Tabletop Simulator,8532.0,1
275850,No Man's Sky,8398.0,1
367520,Hollow Knight,8278.0,1
107410,Arma 3,7971.0,1
393380,Squad,7755.0,1
365670,Blender,7593.0,1
255710,Cities: Skylines,7570.0,1
648800,Raft,7344.0,1
632360,Risk of Rain 2,7222.0,1
244210,Assetto Corsa,7082.0,1
397540,Borderlands 3,6722.0,1
548430,Deep Rock Galactic,6305.0,1
311210,Call of Duty: Black Ops III,5908.0,1
239140,Dying Light,5642.0,1
376210,The Isle,5461.0,1
552990,World of Warships,5421.0,1
613100,House Flipper,5409.0,1
49520,Borderlands 2,5302.0,1
544810,KARDS - The WWII Card Game,5141.0,1
714010,Aimlabs,5125.0,1
10,Counter-Strike,5007.0,1
431730,Aseprite,4773.0,1
232090,Killing Floor 2,4719.0,1
700330,SCP: Secret Laboratory,4350.0,1
518790,theHunter: Call of the Wild™,4201.0,1
22380,Fallout: New Vegas,4027.0,1
440900,Conan Exiles,3969.0,1
233860,Kenshi,3910.0,1
374320,DARK SOULS™ III,3851.0,1
391540,Undertale,3728.0,1
534380,Dying Light 2: Reloaded Edition,3710.0,1
220200,Kerbal Space Program,3588.0,1
214950,Total War: ROME II - Emperor Edition,3583.0,1
359320,Elite Dangerous,3362.0,1
244850,Space Engineers,3347.0,1
264710,Subnautica,3300.0,1
435150,Divinity: Original Sin 2,3241.0,1
728880,Overcooked! 2,3220.0,1
686810,Hell Let Loose,3030.0,1
8500,EVE Online,2909.0,1
444200,World of Tanks Blitz,2725.0,1
505460,Foxhole,2703.0,1
568220,Lobotomy Corporation,2686.0,1
268500,XCOM 2,2684.0,1
262060,Darkest Dungeon®,2659.0,1
380600,Fishing Planet,2656.0,1
219990,Grim Dawn,2637.0,1
627690,Idle Champions of the Forgotten Realms,2624.0,1
48700,Mount & Blade: Warband,2559.0,1
304390,For Honor,2505.0,1
268910,Cuphead,2482.0,1
12210,Grand Theft Auto IV: The Complete Edition,2475.0,1
379430,Kingdom Come: Deliverance,2383.0,1
4700,Total War: MEDIEVAL II - Definitive Edition,2331.0,1
655500,MX Bikes,2301.0,1
570940,DARK SOULS™: REMASTERED,2260.0,1
602960,Barotrauma,2258.0,1
3590,Plants vs. Zombies: Game of the Year,2247.0,1
588650,Dead Cells,2245.0,1
400750,Call to Arms - Gates of Hell: Ostfront,2212.0,1
221380,Age of Empires II (2013),2211.0,1
703080,Planet Zoo,2197.0,1
400040,ShareX,2120.0,1
361420,ASTRONEER,2108.0,1
371970,Barony,2103.0,1
362890,Black Mesa,2063.0,1
644930,They Are Billions,2044.0,1
32470,STAR WARS™ Empire at War: Gold Pack,1993.0,1
669330,Mechabellum,1970.0,1
552520,Far Cry 5,1932.0,1
504230,Celeste,1920.0,1
287700,METAL GEAR SOLID V: THE PHANTOM PAIN,1914.0,1
386360,SMITE,1892.0,1
34330,Total War: SHOGUN 2,1886.0,1
632470,Disco Elysium,1866.0,1
620,Portal 2,1850.0,1
601150,Devil May Cry 5,1811.0,1
231430,Company of Heroes 2,1786.0,1
10500,Total War: EMPIRE - Definitive Edition,1773.0,1
305620,The Long Dark,1743.0,1
427410,Abiotic Factor,1739.0,1
208650,Batman™: Arkham Knight,1702.0,1
431240,Golf With Your Friends,1648.0,1
363970,Clicker Heroes,1634.0,1
508440,Totally Accurate Battle Simulator,1621.0,1
356190,Middle-earth™: Shadow of War™,1613.0,1
581320,Insurgency: Sandstorm,1590.0,1
418370,Resident Evil 7 Biohazard,1579.0,1
495420,State of Decay 2,1566.0,1
392160,X4: Foundations,1505.0,1
601510,Yu-Gi-Oh! Duel Links,1501.0,1
433340,Slime Rancher,1500.0,1
200210,Realm of the Mad God Exalt,1468.0,1
731490,Crash Bandicoot™ N. Sane Trilogy,1453.0,1
699130,World War Z,1449.0,1
220,Half-Life 2,1432.0,1
219740,Don't Starve,1432.0,1
663090,Granado Espada,1430.0,1
573090,Stormworks: Build and Rescue,1419.0,1
460930,Tom Clancy's Ghost Recon® Wildlands,1415.0,1
21690,Resident Evil 5,1413.0,1
335300,DARK SOULS™ II: Scholar of the First Sin,1395.0,1
389430,Knight Online,1372.0,1
346010,Besiege,1363.0,1
323190,Frostpunk,1355.0,1
466560,Northgard,1308.0,1
635260,CarX Drift Racing Online,1307.0,1
47890,The Sims™ 3,1298.0,1
632810,Soundpad Demo,1274.0,1
8800,Sid Meier's Civilization IV: Beyond the Sword,1270.0,1
3910,Sid Meier's Civilization III: Complete,1253.0,1
379720,DOOM,1240.0,1
552500,Warhammer: Vermintide 2,1233.0,1
471710,Rec Room,1228.0,1
701160,Kingdom Two Crowns,1218.0,1
594570,Total War: WARHAMMER II,1206.0,1
637090,BATTLETECH,1194.0,1
477160,Human Fall Flat,1189.0,1
325610,Total War: ATTILA,1169.0,1
212680,FTL: Faster Than Light,1164.0,1
582160,Assassin's Creed Origins,1150.0,1
221040,Resident Evil 6,1133.0,1
311690,Enter the Gungeon,1133.0,1
203770,Crusader Kings II,1116.0,1
414700,Outlast 2,1099.0,1
493520,GTFO,1078.0,1
204360,Castle Crashers,1058.0,1
524220,NieR:Automata™,1057.0,1
254700,Resident Evil 4 (2005),1041.0,1
412830,STEINS;GATE,1030.0,1
391220,Rise of the Tomb Raider,1027.0,1
282070,This War of Mine,1016.0,1
359870,FINAL FANTASY X/X-2 HD Remaster,1014.0,1
466170,Idling to Rule the Gods,1012.0,1
312520,Rain World,993.0,1
211820,Starbound,984.0,1
365360,Battle Brothers,980.0,1
1840,Source Filmmaker,979.0,1
412220,DDNet,967.0,1
665300,Stream Avatars,967.0,1
298110,Far Cry 4,956.0,1
386940,Ultimate Chicken Horse,948.0,1
459820,Crush Crush,934.0,1
346900,AdVenture Capitalist,932.0,1
234140,Mad Max,906.0,1
297000,Heroes of Might & Magic III - HD Edition,886.0,1
203160,Tomb Raider,877.0,1
588430,Fallout Shelter,870.0,1
72850,The Elder Scrolls V: Skyrim,867.0,1
585420,Trailmakers,860.0,1
70,Half-Life,859.0,1
9900,Star Trek Online,852.0,1
404790,Godot Engine,845.0,1
223750,DCS World Steam Edition,837.0,1
233450,Prison Architect,836.0,1
215360,Killing Floor Dedicated Server - Linux,828.0,1
502500,ACE COMBAT™7: SKIES UNKNOWN,825.0,1
690830,Foundation,815.0,1
424030,War of Rights,813.0,1
269210,Hero Siege,812.0,1
571740,Golf It!,807.0,1
447040,Watch_Dogs 2,804.0,1
599140,Graveyard Keeper,803.0,1
242050,Assassin's Creed IV Black Flag,803.0,1
34030,Total War: NAPOLEON - Definitive Edition,795.0,1
516750,My Summer Car,787.0,1
228200,Company of Heroes ,785.0,1
500,Left 4 Dead,785.0,1
41005,Serious Sam HD Dedicated Server,776.0,1
489630,"Warhammer 40,000: Gladius - Relics of War",766.0,1
386180,Crossout,763.0,1
212200,Mabinogi,761.0,1
200260,Batman: Arkham City GOTY,758.0,1
304050,Trove,750.0,1
17390,Spore,743.0,1
220240,Far Cry® 3,742.0,1
335240,Transformice,742.0,1
719890,Beasts of Bermuda,729.0,1
225540,Just Cause 3,729.0,1
363890,RPG Maker MV,721.0,1
357070,UBERMOSH,719.0,1
552100,Brick Rigs,718.0,1
387990,Scrap Mechanic,714.0,1
683320,GRIS,711.0,1
454650,DRAGON BALL XENOVERSE 2,709.0,1
266840,Age of Mythology: Extended Edition,706.0,1
312060,FINAL FANTASY XIV Online Free Trial,701.0,1
1273,Killing Floor Beta Dedicated Server,698.0,1
383120,Empyrion - Galactic Survival,689.0,1
544730,Catan Universe,689.0,1
212500,The Lord of the Rings Online™,685.0,1
628070,Romance of the Three Kingdoms XI with Power Up Kit,684.0,1
307690,Sleeping Dogs: Definitive Edition,683.0,1
35140,Batman: Arkham Asylum GOTY Edition,681.0,1
535930,Two Point Hospital,680.0,1
246620,Plague Inc: Evolved,675.0,1
312660,Sniper Elite 4,674.0,1
670290,Real Pool 3D - Poolians,672.0,1
209000,Batman™: Arkham Origins,665.0,1
636480,Ravenfield,665.0,1
444090,Paladins,663.0,1
286690,Metro 2033 Redux,661.0,1
702320,March of Empires,655.0,1
493340,Planet Coaster,651.0,1
293760,Automation - The Car Company Tycoon Game,648.0,1
289650,Assassin's Creed Unity,647.0,1
221680,Rocksmith® 2014 Edition - Remastered,646.0,1
212910,Call of Duty: Black Ops II - Zombies,646.0,1
332850,BlazeRush Dedicated Server,641.0,1
445220,Avorion,640.0,1
287450,Rise of Nations: Extended Edition,633.0,1
329110,Gems of War,623.0,1
239030,"Papers, Please",622.0,1
400,Portal,617.0,1
244450,Men of War: Assault Squad 2,606.0,1
729040,Borderlands GOTY Enhanced,606.0,1
280680,Krita,601.0,1
436150,Governor of Poker 3,600.0,1
433850,Z1 Battle Royale,592.0,1
3330,Zuma Deluxe,590.0,1
492720,Tropico 6,585.0,1
218230,PlanetSide 2,585.0,1
678950,DRAGON BALL FighterZ,582.0,1
377840,FINAL FANTASY IX,581.0,1
223250,Red Orchestra Linux Dedicated Server,579.0,1
241930,Middle-earth™: Shadow of Mordor™,578.0,1
3900,Sid Meier's Civilization IV,572.0,1
485510,Nioh: Complete Edition,571.0,1
223850,3DMark,571.0,1
412020,Metro Exodus,569.0,1
9420,Supreme Commander: Forged Alliance,567.0,1
551170,Onmyoji,565.0,1
668580,Atomic Heart,565.0,1
444490,POLYWAR,563.0,1
625960,Stoneshard,560.0,1
22330,The Elder Scrolls IV: Oblivion Game of the Year Edition (2009),558.0,1
39140,FINAL FANTASY VII,557.0,1
349040,NARUTO SHIPPUDEN: Ultimate Ninja STORM 4,550.0,1
388080,Borderless Gaming,547.0,1
261640,Borderlands: The Pre-Sequel,545.0,1
223470,POSTAL 2,545.0,1
638970,Yakuza 0,538.0,1
96810,Nexuiz Dedicated Server,529.0,1
704450,Neverwinter Nights: Enhanced Edition,528.0,1
629760,MORDHAU,527.0,1
646910,The Crew 2,526.0,1
424840,Little Nightmares,522.0,1
636150,Cyberhunt,521.0,1
383980,Rivals of Aether,521.0,1
360430,Mafia III: Definitive Edition,514.0,1
527230,For The King,513.0,1
568880,Sniper Elite 4 Dedicated Server,511.0,1
72780,Brink Dedicated Server,510.0,1
200510,XCOM: Enemy Unknown,509.0,1
4940,Natural Selection 2 Dedicated Server,502.0,1
629730,Blade & Sorcery,500.0,1
469600,Legion TD 2,500.0,1
637650,FINAL FANTASY XV WINDOWS EDITION,499.0,1
9450,"Warhammer 40,000: Dawn of War - Soulstorm",496.0,1
109600,Neverwinter,495.0,1
8710,STCC - The Game Demo Dedicated Server,494.0,1
458750,FireAlpaca SE,492.0,1
42700,Call of Duty: Black Ops,491.0,1
247080,Crypt of the NecroDancer,483.0,1
342200,MechWarrior Online,480.0,1
243470,Watch_Dogs,480.0,1
438040,Shakes and Fidget,477.0,1
307780,Mortal Kombat X,477.0,1
285900,Gang Beasts,475.0,1
24200,DC Universe Online,471.0,1
268850,EVGA Precision X1,471.0,1
255300,Journey of a Roach,471.0,1
40970,Stronghold Crusader HD,468.0,1
704850,Thief Simulator,467.0,1
304240,Resident Evil,462.0,1
407230,Legend of Mysteria,462.0,1
4760,Rome: Total War,461.0,1
389730,TEKKEN 7,461.0,1
32440,LEGO® Star Wars™: The Complete Saga,460.0,1
475150,Titan Quest Anniversary Edition,456.0,1
690790,DiRT Rally 2.0,456.0,1
205710,EverQuest Free-to-Play,455.0,1
674940,Stick Fight: The Game,451.0,1
244310,Source SDK Base 2013 Dedicated Server,450.0,1
242920,Banished,447.0,1
208580,STAR WARS™ Knights of the Old Republic™ II: The Sith Lords™,443.0,1
333640,Caves of Qud,442.0,1
470220,UNO,441.0,1
365590,Tom Clancy's The Division,441.0,1
494840,UBOAT,439.0,1
111710,Nuclear Dawn - Dedicated Server,439.0,1
19680,Alice: Madness Returns,439.0,1
238320,Outlast,437.0,1
610080,Realm Grinder,435.0,1
314160,Microsoft Flight Simulator X: Steam Edition,434.0,1
201810,Wolfenstein: The New Order,433.0,1
671860,BattleBit Remastered,429.0,1
631510,Devil May Cry HD Collection,427.0,1
266410,iRacing,427.0,1
619820,Heroes of Hammerwatch II,425.0,1
371660,Far Cry Primal,424.0,1
205100,Dishonored,423.0,1
666140,My Time at Portia,421.0,1
47810,Dragon Age: Origins - Ultimate Edition,420.0,1
213670,South Park™: The Stick of Truth™,420.0,1
2403,The Ship Dedicated Server,415.0,1
502520,Ultimate General: Civil War,415.0,1
640820,Pathfinder: Kingmaker,414.0,1
678960,CODE VEIN,414.0,1
337410,Karos,413.0,1
464920,Surviving Mars,412.0,1
463530,Empires of the Undergrowth,412.0,1
698780,Doki Doki Literature Club,412.0,1
42960,Victoria II,411.0,1
589290,Holdfast: Nations At War,411.0,1
249130,LEGO® MARVEL Super Heroes,410.0,1
78000,Bejeweled 3,406.0,1
434170,The Jackbox Party Pack 3,406.0,1
692890,Roboquest,404.0,1
16900,GROUND BRANCH,403.0,1
368260,Marvel's Midnight Suns,399.0,1
20900,The Witcher: Enhanced Edition,397.0,1
10090,Call of Duty: World at War,397.0,1
373420,Divinity: Original Sin Enhanced Edition,396.0,1
228280,Baldur's Gate: Enhanced Edition,396.0,1
17585,Dystopia Dedicated Server,396.0,1
640380,UBERMOSH Vol.5,392.0,1
337320,Paint the Town Red,392.0,1
211,Source SDK,383.0,1
410900,Forts,379.0,1
22320,The Elder Scrolls III: Morrowind,378.0,1
33230,Assassin's Creed II,375.0,1
211500,RaceRoom Racing Experience ,372.0,1
8770,RACE On - Demo: Dedicated Server,370.0,1
292120,FINAL FANTASY XIII,369.0,1
32370,STAR WARS™ Knights of the Old Republic™,369.0,1
230290,Universe Sandbox,367.0,1
367500,Dragon's Dogma: Dark Arisen,365.0,1
418460,Rising Storm 2: Vietnam,362.0,1
382310,Eco,361.0,1
208050,Sniper Elite V2 Dedicated Server,357.0,1
243750,Source SDK Base 2013 Multiplayer,356.0,1
12200,Bully: Scholarship Edition,354.0,1
418530,Spelunky 2,353.0,1
269950,X-Plane 11,353.0,1
409710,BioShock Remastered,351.0,1
302550,Assetto Corsa Dedicated Server,351.0,1
65800,Dungeon Defenders,350.0,1
2145,Dark Messiah of Might & Magic Dedicated Server,347.0,1
597180,Old World,347.0,1
403640,Dishonored 2,347.0,1
273110,Counter-Strike Nexon,345.0,1
268650,From The Depths,345.0,1
595520,FINAL FANTASY XII THE ZODIAC AGE,345.0,1
24780,SimCity 4 Deluxe,344.0,1
34120,Aliens vs Predator Dedicated Server,343.0,1
252410,SteamWorld Dig,342.0,1
224260,No More Room in Hell,341.0,1
206480,Dungeons & Dragons Online®,340.0,1
285920,TerraTech,340.0,1
612880,Wolfenstein II: The New Colossus,339.0,1
17505,Zombie Panic! Source Dedicated Server,337.0,1
235460,METAL GEAR RISING: REVENGEANCE,337.0,1
240720,Getting Over It with Bennett Foddy,337.0,1
311310,Naval Action,337.0,1
564,Left 4 Dead 2 Add-on Support,336.0,1
230030,Painkiller Hell & Damnation Dedicated Server,335.0,1
43210,The Haunted: Hells Reach Dedicated Server,335.0,1
453480,Shadowverse,334.0,1
22370,Fallout 3 - Game of the Year Edition,332.0,1
203140,Hitman: Absolution,328.0,1
90,Half-Life Dedicated Server,327.0,1
508290,$1 Ride,325.0,1
673950,Farm Together,325.0,1
392110,ENDLESS™ Space 2,322.0,1
611150,your sisters,321.0,1
42750,Call of Duty: Modern Warfare 3 - Dedicated Server,320.0,1
512900,Streets of Rogue,320.0,1
394690,Tower Unite,317.0,1
223240,Red Orchestra Windows Dedicated Server,316.0,1
223710,Cry of Fear,316.0,1
363150,Romance of the Three Kingdoms XIII,315.0,1
251060,Wargame: Red Dragon,314.0,1
70010,Dino D-Day - Dedicated Server,314.0,1
586140,BlazBlue Centralfiction,314.0,1
253710,theHunter Classic,311.0,1
10180,Call of Duty: Modern Warfare 2 (2009),311.0,1
17575,"Pirates, Vikings, and Knights II Dedicated Server",309.0,1
3480,Peggle Deluxe,308.0,1
245170,Skullgirls 2nd Encore,307.0,1
635,Alien Swarm Dedicated Server,306.0,1
274170,Hotline Miami 2: Wrong Number,306.0,1
257350,Baldur's Gate II: Enhanced Edition,306.0,1
641990,The Escapists 2,305.0,1
620980,Beat Saber,305.0,1
246900,Viscera Cleanup Detail,304.0,1
24010,Train Simulator Classic 2024,304.0,1
2280,DOOM + DOOM II,303.0,1
17480,Command & Conquer™ Red Alert™ 3,302.0,1
251670,Battle Nations,302.0,1
207610,The Walking Dead,301.0,1
648350,Jurassic World Evolution,300.0,1
603850,Age of History II,299.0,1
91720,E.Y.E - Dedicated Server,299.0,1
361280,Turmoil,299.0,1
17515,Age of Chivalry Dedicated Server,297.0,1
740,Counter-Strike Global Offensive - Dedicated Server,296.0,1
228180,Action! - Gameplay Recording and Streaming,295.0,1
55280,Homefront Dedicated Server,295.0,1
6060,"Star Wars: Battlefront 2 (Classic, 2005)",294.0,1
488790,South Park The Fractured But Whole,294.0,1
490110,The Precinct,294.0,1
597170,Clone Drone in the Danger Zone,293.0,1
327030,Worms W.M.D,292.0,1
718670,Cultist Simulator,292.0,1
80,Counter-Strike: Condition Zero,291.0,1
313120,Stranded Deep,290.0,1
578650,The Outer Worlds,290.0,1
364360,Total War: WARHAMMER,289.0,1
423230,Furi,289.0,1
8870,BioShock Infinite,288.0,1
486150,Radical Spectrum: Volume 1,287.0,1
329000,Data Hacker: Corruption,286.0,1
24810,Command & Conquer 3: Kane's Wrath™,285.0,1
204100,Max Payne 3,285.0,1
237310,Elsword,285.0,1
287390,Metro: Last Light Redux,283.0,1
248390,Craft The World,282.0,1
339800,HuniePop,278.0,1
228380,Wreckfest,278.0,1
20920,The Witcher 2: Assassins of Kings Enhanced Edition,277.0,1
546560,Half-Life: Alyx,277.0,1
236110,Dungeon Defenders II,275.0,1
410340,Liftoff,274.0,1
354290,LoveBeat,274.0,1
252610,Death Road to Canada,273.0,1
387290,Ori and the Blind Forest: Definitive Edition,273.0,1
65980,Sid Meier's Civilization: Beyond Earth,273.0,1
413410,Danganronpa: Trigger Happy Havoc,272.0,1
527430,"Warhammer 40,000: Inquisitor - Martyr",271.0,1
274190,Broforce,271.0,1
648100,Raging Loop,270.0,1
480490,Prey,270.0,1
63220,Monday Night Combat Dedicated Server,270.0,1
383150,Dead Island Definitive Edition,268.0,1
292730,Call of Duty: Infinite Warfare,267.0,1
341310,Greyfox,265.0,1
219150,Hotline Miami,265.0,1
212542,Red Orchestra 2 - Dedicated Server,265.0,1
397900,Business Tour - Online Multiplayer Board Game,263.0,1
202990,Call of Duty: Black Ops II - Multiplayer,261.0,1
423710,Invasion: Brain Craving,261.0,1
298050,Master of Orion,260.0,1
621060,PC Building Simulator,260.0,1
413420,Danganronpa 2: Goodbye Despair,259.0,1
517630,Just Cause 4,259.0,1
310950,Street Fighter V,259.0,1
231120,Euro Truck Simulator 2 Demo,257.0,1
382030,Yargis - Space Melee - Dedicated Server,257.0,1
588030,Derail Valley,256.0,1
282440,Quake Live,255.0,1
202970,Call of Duty: Black Ops II,255.0,1
214490,Alien: Isolation,254.0,1
213610,Sonic Adventure™ 2 ,254.0,1
326460,ShellShock Live,254.0,1
569480,Kingdoms and Castles,254.0,1
45760,Ultra Street Fighter IV,253.0,1
368500,Assassin's Creed Syndicate,253.0,1
48190,Assassin's Creed Brotherhood,252.0,1
220700,RPG Maker VX Ace,252.0,1
339600,VEGA Conflict,252.0,1
621830,WRC 7,252.0,1
204880,Sins of a Solar Empire: Rebellion,251.0,1
292000,No More Room in Hell 2,250.0,1
42680,Call of Duty®: Modern Warfare® 3 (2011),249.0,1
110800,L.A. Noire,248.0,1
589590,Kindergarten,246.0,1
203300,America's Army: Proving Grounds Dedicated Server,246.0,1
450540,"Hot Dogs, Horseshoes & Hand Grenades",244.0,1
47410,Stronghold Kingdoms,243.0,1
590380,Into the Breach,243.0,1
617290,Remnant: From the Ashes,242.0,1
476600,Call of Duty: WWII,241.0,1
21000,LEGO® Batman™: The Videogame,241.0,1
633230,NARUTO TO BORUTO: SHINOBI STRIKER,241.0,1
458710,Kingdom Rush Frontiers,241.0,1
553420,TUNIC,239.0,1
692850,Bloodstained: Ritual of the Night,239.0,1
287290,Resident Evil Revelations 2,239.0,1
707010,Will To Live Online,239.0,1
415200,Motorsport Manager,238.0,1
253230,A Hat in Time,238.0,1
246420,Kingdom Rush,238.0,1
1250,Killing Floor,237.0,1
339340,Resident Evil 0,237.0,1
237410,Insurgency Dedicated Server,237.0,1
234330,Marvel Puzzle Quest,237.0,1
675010,MudRunner,236.0,1
207140,SpeedRunners,236.0,1
7940,Call of Duty 4: Modern Warfare (2007),236.0,1
681280,Descenders,234.0,1
24790,Command & Conquer 3: Tiberium Wars™,234.0,1
243730,Source SDK Base 2013 Singleplayer,231.0,1
16810,Sid Meier's Civilization IV: Colonization,231.0,1
562360,"Planes, Bullets and Vodka",230.0,1
306020,Bloons TD5,230.0,1
357190,Ultimate Marvel vs. Capcom 3,230.0,1
444480,Broken Dreams,229.0,1
319630,Life is Strange™,229.0,1
753,Steam,229.0,1
278080,DYNASTY WARRIORS 8: Xtreme Legends Complete Edition,229.0,1
560130,Pillars of Eternity II: Deadfire,228.0,1
616720,Live2DViewerEX,228.0,1
624090,Football Manager 2018,228.0,1
261570,Ori and the Blind Forest,228.0,1
427730,Who's Your Daddy?!,226.0,1
252530,OMSI 2,226.0,1
459220,Halo Wars: Definitive Edition,226.0,1
285310,RollerCoaster Tycoon: Deluxe,223.0,1
238460,BattleBlock Theater,220.0,1
489520,Minion Masters,220.0,1
291650,Pillars of Eternity,219.0,1
332950,Dark Deception,218.0,1
235900,RPG Maker XP,218.0,1
613830,CHRONO TRIGGER,217.0,1
315210,Suicide Squad: Kill the Justice League,217.0,1
282800,100% Orange Juice,216.0,1
304430,INSIDE,216.0,1
704270,Generation Zero®,216.0,1
627270,Injustice™ 2,214.0,1
341800,Keep Talking and Nobody Explodes,214.0,1
611790,House Party,214.0,1
270150,RUNNING WITH RIFLES,214.0,1
24800,Command & Conquer™ Red Alert™ 3 - Uprising,212.0,1
329050,Devil May Cry 4 Special Edition,211.0,1
108710,Alan Wake,210.0,1
536270,Ancestors: The Humankind Odyssey ,210.0,1
632300,Hobo: Tough Life,209.0,1
291480,Warface: Clutch,209.0,1
667970,VTOL VR,209.0,1
312530,Duck Game,209.0,1
571310,SteamWorld Dig 2,208.0,1
3620,Zuma's Revenge,207.0,1
541570,Sally Face - Episode One,207.0,1
394510,HELLDIVERS™,207.0,1
537180,Digimon Masters Online,204.0,1
488860,MADNESS: Project Nexus,204.0,1
694280,Zombie Army 4: Dead War,203.0,1
307960,IL-2 Sturmovik: Battle of Stalingrad,203.0,1
200710,Torchlight II,202.0,1
491650,Reset 1-1,202.0,1
201230,EverQuest II,202.0,1
372000,Tree of Savior (English Ver.),200.0,1
573100,Battlefleet Gothic: Armada 2,199.0,1
300,Day of Defeat: Source,199.0,1
683900,RollerCoaster Tycoon Classic,198.0,1
386070,Planetary Annihilation: TITANS,197.0,1
493490,City Car Driving,196.0,1
586350,UBERMOSH:WRAITH,195.0,1
438020,AI: Rampage,194.0,1
367450,Poly Bridge,194.0,1
705210,Cube Racer,193.0,1
719040,Wasteland 3,193.0,1
384180,Prominence Poker,193.0,1
225840,Sven Co-op,192.0,1
40100,Supreme Commander 2,190.0,1
544550,Stationeers,189.0,1
444640,Bloons TD Battles,188.0,1
672680,Call of War,187.0,1
673750,Super Bunny Man,186.0,1
232890,Stronghold Crusader 2,185.0,1
113200,The Binding of Isaac,184.0,1
4580,"Warhammer 40,000: Dawn of War - Dark Crusade",184.0,1
222480,Resident Evil Revelations,182.0,1
528740,Operation: New Earth,180.0,1
307950,Caliber,180.0,1
567640,Danganronpa V3: Killing Harmony,179.0,1
482400,System Shock,178.0,1
593600,PixARK,178.0,1
468920,Ultimate Fishing® Simulator,178.0,1
673610,Airport CEO,177.0,1
383870,Firewatch,176.0,1
539720,Razortron 2000,175.0,1
32510,LEGO® Star Wars™ III: The Clone Wars™,175.0,1
600750,Star Trek Timelines,175.0,1
330020,Children of Morta,174.0,1
606150,Moonlighter,174.0,1
403900,Clergy Splode,173.0,1
460950,Katana ZERO,172.0,1
476620,Call of Duty: WWII - Multiplayer,172.0,1
32430,STAR WARS™: The Force Unleashed™ Ultimate Sith Edition,172.0,1
215080,WAKFU,172.0,1
629820,Maneater,171.0,1
645630,Car Mechanic Simulator 2018,170.0,1
438480,Rock 'N' Roll Defense,170.0,1
319510,Five Nights at Freddy's,169.0,1
333420,Cossacks 3,169.0,1
231350,3DMark Demo,169.0,1
712100,A Total War Saga: Thrones of Britannia,169.0,1
268050,The Evil Within,167.0,1
719640,War Planet Online: Global Conquest,166.0,1
289130,ENDLESS™ Legend,165.0,1
544750,SOULCALIBUR VI,165.0,1
418030,Subsistence,165.0,1
728530,SD GUNDAM G GENERATION CROSS RAYS,165.0,1
342940,Project: Gorgon,165.0,1
495910,Dungeon Fighter Online,165.0,1
402840,Crusaders of the Lost Idols,164.0,1
212160,Vindictus,164.0,1
553520,Trainz Railroad Simulator 2019,164.0,1
368340,CrossCode,164.0,1
410980,Master of Orion 2,163.0,1
217200,Worms Armageddon,163.0,1
451340,Gold Mining Simulator,162.0,1
301120,Eastside Hockey Manager,161.0,1
666860,Bit Heroes,160.0,1
239820,Game Dev Tycoon,159.0,1
3990,Sid Meier's Civilization IV: Warlords,159.0,1
396160,Secret Of Magia,159.0,1
311560,Assassin's Creed Rogue,158.0,1
666150,Prehistoric Kingdom,158.0,1
720620,TaleSpire,158.0,1
399790,Destiny Warriors,158.0,1
38400,Fallout,157.0,1
647960,Rusted Warfare - RTS,157.0,1
312450,Order of Battle: World War II,157.0,1
645260,Trophy Fishing 2,157.0,1
56400,"Warhammer 40,000: Dawn of War II - Retribution",157.0,1
294420,7 Days to Die Dedicated Server,157.0,1
611670,The Elder Scrolls V: Skyrim VR,155.0,1
375450,NOBUNAGA'S AMBITION: Sphere of Influence - Ascension,154.0,1
658850,Do Not Feed the Monkeys,154.0,1
304410,Hexcells Infinite,154.0,1
210970,The Witness,154.0,1
323470,DRAGON BALL XENOVERSE,153.0,1
314650,SpaceEngine,153.0,1
352400,LEGO® Jurassic World,153.0,1
268400,Panzer Corps,152.0,1
678800,SAS: Zombie Assault 4,151.0,1
9480,Saints Row 2,150.0,1
448510,Overcooked,150.0,1
403190,Planetbase,150.0,1
420530,OneShot,150.0,1
265550,Dead Rising 3,150.0,1
429050,Feed and Grow: Fish,149.0,1
226840,Age of Wonders III,149.0,1
356500,STAR WARS™ Galactic Battlegrounds Saga,149.0,1
38410,Fallout 2,149.0,1
226860,Galactic Civilizations III,149.0,1
8980,Borderlands GOTY,148.0,1
378120,Football Manager 2016,147.0,1
213330,LEGO® Batman™ 2: DC Super Heroes,147.0,1
365960,rFactor 2,146.0,1
288470,Fable Anniversary,144.0,1
236430,DARK SOULS™ II,144.0,1
532210,Life is Strange 2,144.0,1
321960,Might & Magic Heroes VII ,143.0,1
2630,Call of Duty 2,143.0,1
460790,Bayonetta,143.0,1
285330,RollerCoaster Tycoon 2: Triple Thrill Pack,143.0,1
47780,Dead Space 2,143.0,1
55230,Saints Row: The Third,141.0,1
39120,RIFT,140.0,1
280220,Creeper World 3: Arc Eternal,140.0,1
409720,BioShock 2 Remastered,140.0,1
288390,NOBUNAGA'S AMBITION: Souzou with Power Up Kit,140.0,1
42710,Call of Duty: Black Ops - Multiplayer,139.0,1
287980,Mini Metro,139.0,1
531510,Just Shapes & Beats,138.0,1
385770,Time Clickers,138.0,1
601430,The Evil Within 2,138.0,1
10190,Call of Duty: Modern Warfare 2 (2009) - Multiplayer,137.0,1
404410,Endless Sky,137.0,1
214510,LEGO® The Lord of the Rings™,137.0,1
238010,Deus Ex: Human Revolution - Director's Cut,137.0,1
362680,Fran Bow,136.0,1
250320,The Wolf Among Us,135.0,1
331470,Everlasting Summer,135.0,1
206420,Saints Row IV,134.0,1
350080,Wolfenstein: The Old Blood ,133.0,1
628050,Romance of the Three Kingdoms IX with Power Up Kit,133.0,1
610370,Desperados III,132.0,1
337000,Deus Ex: Mankind Divided™,132.0,1
397350,Lords of the Realm II,131.0,1
248170,Clickteam Fusion 2.5,131.0,1
524660,RutonyChat,130.0,1
302670,Call to Arms,130.0,1
388410,Darksiders II Deathinitive Edition,129.0,1
477740,Zero Escape: The Nonary Games,129.0,1
295270,Football Manager 2015,128.0,1
429790,AdventureQuest 3D,128.0,1
641320,Cooking Simulator,128.0,1
48000,LIMBO,128.0,1
377530,侠客风云传(Tale of Wuxia),128.0,1
10150,Prototype,127.0,1
475550,Beholder,126.0,1
447530,VA-11 Hall-A: Cyberpunk Bartender Action,126.0,1
10680,Aliens vs. Predator,126.0,1
611500,Quake Champions,124.0,1
274520,Darkwood,124.0,1
3920,Sid Meier's Pirates!,124.0,1
15370,Heroes of Might & Magic V: Tribes of the East,123.0,1
15170,Heroes of Might & Magic V,122.0,1
329430,State of Decay: Year-One,121.0,1
258970,Gauntlet™ ,121.0,1
55150,"Warhammer 40,000: Space Marine - Anniversary Edition",120.0,1
250520,Underrail,120.0,1
700600,Evil Genius 2,120.0,1
9880,Champions Online,120.0,1
251150,The Legend of Heroes: Trails in the Sky,120.0,1
99900,Spiral Knights,119.0,1
550650,Black Squad,119.0,1
366090,Colony Survival,119.0,1
222880,Insurgency,119.0,1
242680,Nuclear Throne,118.0,1
460920,Steep,117.0,1
24720,Spore: Galactic Adventures,117.0,1
327400,Sid Meier's Colonization (Classic),117.0,1
3540,Peggle Nights,117.0,1
30,Day of Defeat,116.0,1
99910,Puzzle Pirates,115.0,1
374040,Portal Knights,115.0,1
509980,BIGFOOT,115.0,1
470310,TROUBLESHOOTER: Abandoned Children,115.0,1
313690,LEGO® Batman™ 3: Beyond Gotham,114.0,1
6020,STAR WARS™ Jedi Knight: Jedi Academy™,114.0,1
521890,Hello Neighbor,114.0,1
259680,Tales of Maj'Eyal,114.0,1
39510,Gothic II: Gold Classic,114.0,1
445980,Wizard of Legend,113.0,1
441960,American Truck Simulator Demo,113.0,1
368070,Sniper Ghost Warrior 3,113.0,1
444940,UBERMOSH:BLACK,113.0,1
262410,World of Guns: Gun Disassembly,112.0,1
261030,The Walking Dead: Season Two,112.0,1
282140,SOMA,112.0,1
578330,LEGO® City Undercover,112.0,1
462780,Darksiders Warmastered Edition,111.0,1
410320,EARTH DEFENSE FORCE 4.1  The Shadow of New Despair,111.0,1
40800,Super Meat Boy,111.0,1
367670,Controller Companion,111.0,1
320,Half-Life 2: Deathmatch,111.0,1
348550,GUILTY GEAR XX ACCENT CORE PLUS R,111.0,1
15100,Assassin's Creed,110.0,1
628890,NOBUNAGA'S AMBITION: Taishi,110.0,1
647830,LEGO® MARVEL Super Heroes 2,110.0,1
447020,Farming Simulator 17,110.0,1
555160,Pavlov VR,110.0,1
250760,Shovel Knight: Treasure Trove,109.0,1
15620,"Warhammer 40,000: Dawn of War II - Anniversary Edition",108.0,1
220440,DmC Devil May Cry,108.0,1
563560,Alien Swarm: Reactive Drop,108.0,1
362620,Software Inc.,108.0,1
351510,Quiplash,108.0,1
113400,APB Reloaded,108.0,1
6860,Hitman: Blood Money,108.0,1
601840,Griftlands,108.0,1
515570,UBERMOSH Vol.3,108.0,1
375480,Chronicon,107.0,1
532110,Rusty Lake: Roots,107.0,1
283640,Salt and Sanctuary,106.0,1
575720,Mighty Party,106.0,1
4500,S.T.A.L.K.E.R.: Shadow of Chernobyl,105.0,1
231670,Football Manager 2014,105.0,1
453090,Parkitect,105.0,1
605740,Flashing Lights,105.0,1
427290,Vampyr,105.0,1
29720,Guild Wars,104.0,1
531640,Eternal Card Game,104.0,1
334920,Zero-K,104.0,1
520440,GUILTY GEAR Xrd REV 2,104.0,1
8190,Just Cause 2,104.0,1
405310,LEGO® MARVEL's Avengers,104.0,1
11020,TrackMania Nations Forever,103.0,1
375950,Viridi,103.0,1
50,Half-Life: Opposing Force,102.0,1
503940,Railway Empire,102.0,1
538030,Xenonauts 2,102.0,1
201870,Assassin's Creed Revelations,102.0,1
222440,THE KING OF FIGHTERS 2002 UNLIMITED MATCH,102.0,1
71250,Sonic Adventure DX,101.0,1
518150,Intruder,101.0,1
558990,Opus Magnum,101.0,1
572890,Pikuniku,101.0,1
334230,Town of Salem,101.0,1
680420,OUTRIDERS,100.0,1
40960,Stronghold 2,100.0,1
690640,Trine 4: The Nightmare Prince,100.0,1
481510,Night in the Woods,98.0,1
582500,We Were Here,98.0,1
43160,Metro: Last Light Complete Edition,98.0,1
418240,Shadow Tactics: Blades of the Shogun,98.0,1
448630,Rabiez: Epidemic,98.0,1
553790,Once in Yaissor,97.0,1
238090,Sniper Elite 3,97.0,1
257510,The Talos Principle,96.0,1
345260,MEDIEVAL: Total War™ - Gold Edition,95.0,1
242550,Rayman Legends,95.0,1
249050,Dungeon of the ENDLESS™,95.0,1
19900,Far Cry 2,94.0,1
363090,NOBUNAGA'S AMBITION: Kakushin with Power Up Kit,94.0,1
602320,Train Valley 2,94.0,1
339610,FreeStyle 2: Street Basketball,94.0,1
39150,FINAL FANTASY VIII,93.0,1
393080,Call of Duty: Modern Warfare Remastered (2017),93.0,1
298030,Total Annihilation,93.0,1
343780,Cat Goes Fishing,93.0,1
541300,Survive the Nights,93.0,1
601050,Attack on Titan 2 - A.O.T.2,93.0,1
326360,Warspear Online,93.0,1
718850,Age of Wonders: Planetfall,93.0,1
597220,West of Loathing,92.0,1
644560,Mirror,92.0,1
22490,Fallout: New Vegas PCR,91.0,1
252870,PULSAR: Lost Colony,91.0,1
681820,Sword and Fairy 4,91.0,1
20,Team Fortress Classic,90.0,1
276810,Mordheim: City of the Damned,90.0,1
383180,Dead Island Riptide Definitive Edition,90.0,1
677120,Heroes of Hammerwatch,90.0,1
656350,UnderMine,90.0,1
674140,Bugsnax,90.0,1
3310,Chuzzle Deluxe,89.0,1
366220,Wurm Unlimited,89.0,1
115320,PROTOTYPE 2,89.0,1
50130,Mafia II (Classic),89.0,1
373930,Sudden Strike 4,89.0,1
538680,The Legend of Heroes: Trails of Cold Steel,89.0,1
550470,NosTale,89.0,1
4570,"Warhammer 40,000: Dawn of War - Anniversary Edition ",89.0,1
244160,Homeworld Remastered Collection,88.0,1
599390,Battle for Wesnoth,88.0,1
251290,The Legend of Heroes: Trails in the Sky SC,88.0,1
442120,Pinball FX3,87.0,1
363110,NOBUNAGA'S AMBITION: Tendou with Power Up Kit,87.0,1
3830,Psychonauts,87.0,1
332800,Five Nights at Freddy's 2,87.0,1
21130,LEGO® Harry Potter: Years 1-4,87.0,1
352720,The Universim,86.0,1
206440,To the Moon,86.0,1
274940,Depth,86.0,1
288160,The Room,85.0,1
296490,GemCraft - Chasing Shadows,85.0,1
699170,Fell Seal: Arbiter's Mark,85.0,1
239350,Spelunky,85.0,1
7620,Railroad Tycoon 2: Platinum,85.0,1
259810,Home Sheep Home: Farmageddon Party Edition,84.0,1
33930,Arma 2: Operation Arrowhead,84.0,1
394310,Punch Club,83.0,1
246840,FATE,83.0,1
541210,Cold Waters,83.0,1
397340,SimplePlanes,83.0,1
397460,The Jackbox Party Pack 2,82.0,1
269770,Secrets of Grindea,82.0,1
253250,Stonehearth,82.0,1
628060,Romance of the Three Kingdoms X with Power Up Kit,82.0,1
3320,Insaniquarium! Deluxe,82.0,1
654890,Grand Tactician: The Civil War (1861-1865),82.0,1
688420,Bad North,82.0,1
517790,Caesar 3,81.0,1
200170,Worms Revolution,81.0,1
345240,SHOGUN: Total War™ - Collection,80.0,1
432350,Epic Battle Fantasy 5,80.0,1
584400,Sonic Mania,80.0,1
48720,Mount & Blade: With Fire and Sword,80.0,1
673880,"Warhammer 40,000: Mechanicus",80.0,1
610180,The Jackbox Party Pack 4,80.0,1
203290,America's Army: Proving Grounds,80.0,1
290340,Armello,80.0,1
71270,Football Manager 2012,79.0,1
226320,Marvel Heroes Omega,79.0,1
501300,What Remains of Edith Finch,79.0,1
378760,Pixel Starships,79.0,1
2600,Vampire: The Masquerade - Bloodlines,79.0,1
677620,Splitgate,79.0,1
265930,Goat Simulator,78.0,1
6910,Deus Ex: Game of the Year Edition,78.0,1
215100,Ragnarok,78.0,1
341940,Hatred,78.0,1
375910,Anno 2205,78.0,1
672870,ScreenPlay,77.0,1
528230,SYNTHETIK,77.0,1
564230,Fire Pro Wrestling World,77.0,1
17470,Dead Space (2008),76.0,1
701470,TTV2,76.0,1
4560,Company of Heroes - Legacy Edition,76.0,1
688470,Gloria Sinica: Han Xiongnu Wars,75.0,1
324800,Shadow Warrior 2,75.0,1
323850,Move or Die,75.0,1
209160,Call of Duty: Ghosts,75.0,1
679900,Swords & Souls: Neverseen,75.0,1
217490,Borderlands 2 RU,75.0,1
4920,Natural Selection 2,74.0,1
653530,Return of the Obra Dinn,74.0,1
555570,Infestation: The New Z,74.0,1
311340,METAL GEAR SOLID V: GROUND ZEROES,74.0,1
214730,Space Rangers HD: A War Apart,74.0,1
2320,Quake II,74.0,1
628080,Romance of the Three Kingdoms XII with Power Up Kit,74.0,1
369990,"Gremlins, Inc.",73.0,1
473690,Absolver,73.0,1
204450,Call of Juarez Gunslinger,73.0,1
537800,Bomber Crew,73.0,1
239160,Thief,73.0,1
607080,Psychonauts 2,73.0,1
437920,Tricky Towers,73.0,1
312750,Final Fantasy IV (3D Remake),73.0,1
311770,LEGO® Pirates of the Caribbean The Video Game,73.0,1
204300,Awesomenauts,73.0,1
496300,Kingdom: New Lands,73.0,1
21090,F.E.A.R.,72.0,1
2310,Quake,72.0,1
434650,Lost Castle,72.0,1
212480,Sonic & All-Stars Racing Transformed Collection,72.0,1
684450,Surviving the Aftermath,72.0,1
457550,Bigscreen Beta,71.0,1
567630,Blood of Steel,71.0,1
384300,CPUCores :: Maximize Your FPS,71.0,1
604500,Tank Force: Online Shooter Game,71.0,1
396750,EVERSPACE™,71.0,1
426000,HunieCam Studio,71.0,1
45740,Dead Rising 2,71.0,1
456750,The Room Three,70.0,1
227320,You Need A Budget 4 (YNAB),70.0,1
16700,Stronghold Crusader Extreme HD,69.0,1
301320,NoLimits 2 Roller Coaster Simulation,69.0,1
612020,Zombidle: REMONSTERED,69.0,1
7600,Sid Meier's Railroads!,69.0,1
586200,Street Fighter 30th Anniversary Collection,69.0,1
32330,LEGOⓇ Indiana Jones™: The Original Adventures,69.0,1
476460,Picross Touch,69.0,1
248570,Toribash,68.0,1
285190,"Warhammer 40,000: Dawn of War III",68.0,1
377300,Thunder Tier One,68.0,1
455130,Call of Duty: Black Ops III – Mod Tools,68.0,1
18500,Defense Grid: The Awakening,68.0,1
315660,Trainz: A New Era,67.0,1
441550,STAR WARS™ Rebellion,67.0,1
302510,Ryse: Son of Rome,67.0,1
423580,Project Highrise,67.0,1
294860,Valkyria Chronicles™,67.0,1
