,appid,image_keywords
0,10,"Counter Strike, guns, masks, shooters, video game"
1,10090,"soldier,gun,war,game,Call of Duty"
2,10150,"video game, Prototype, action, sci-fi, black and red, hoodie, sword"
3,10180,"Call of Duty, Modern Warfare 2, soldier, gun, explosion, war, game"
4,10500,"Total War, Empire, game, strategy, war, history, definitive edition"
5,105600,"pixel art,terraria,video game,gaming,characters,trees,forest,grass,2d art,game title screen"
6,1063730,"New World Aeternum, game, fantasy, adventure, video game, Aeternum, New World"
7,10680,"Aliens, Predator, movie, sci-fi, horror, action, monsters, creatures"
8,107410,"Arma 3, soldier, military, war, game, action, combat, tactical, shooter, video game, helicopter, warfare, operation, mission, armed forces, army"
9,1085660,"Destiny 2, logo, video game, sci-fi, fantasy, gaming"
10,108600,"zombies, survival, horror, video game, zombies apocalypse"
11,1086940,"Baldur's Gate 3, fantasy, characters, swords, adventure, role-playing game, RPG, video game, characters with swords"
12,108710,"video game, Alan Wake, gun, flashlight, thriller, action"
13,1091500,"cyberpunk, video game, futuristic, 2077"
14,109600,"Neverwinter,Red Harvest,fantasy,game,dungeons,dragons"
15,1097150,"colorful, cartoon, characters, game, Fall Guys"
16,11020,"racing,car,game,TrackMania Nations Forever,TMNF"
17,110800,"video game, L.A. Noire, detective, women, gun, noir, crime, investigation"
18,1116170,"cyberpunk, robot, gun, cityscape, futuristic, combat"
19,113200,"roguelike,video game,horror,cartoonish,monsters,The Binding of Isaac"
20,113400,"APB Reloaded, video game, characters, tattoos, guns"
21,115320,"video game, Prototype 2, action, adventure, sci-fi"
22,1172470,"Apex Legends, video game, anime art, guns, weapons"
23,1174180,"cowboy, gun, western, game, red, dead, redemption"
24,1203220,"Naraka Bladepoint, Persona 5 Royal, anime, video games, crossover"
25,12200,"video game, bullying, scholarship edition, bully"
26,12210,"Grand Theft Auto, GTA IV, Liberty City, video game, characters"
27,1222670,"The Sims 4, video game, simulation, cartoon characters, diverse people"
28,1238810,"battlefield,game,video game,war,action"
29,1240440,"Halo, video game, multiplayer, armor, explosion, fire, sparks"
30,1245620,"Elden Ring, game, fantasy, ring, dark, mystical"
31,1250,"horror, zombies, survival, game, killing floor"
32,1326470,"survival,game,horror,video game,sons of the forest"
33,1491000,"robots,war,frontiers,lightning,mechs,futuristic,battlefield"
34,15100,"assassin's creed, video game, action, adventure, stealth"
35,15170,"Might and Magic Heroes V, fantasy, game, armor, knight, dragons"
36,1517290,"battlefield, war, soldiers, guns, action, fighting, video game, battle, destruction, chaos"
37,15370,"Might and Magic, Heroes V, video game, fantasy, battle, warriors, strategy"
38,15620,"Warhammer, Dawn of War, Anniversary Edition, video game, futuristic armor"
39,1599340,"video game, Lost Ark, characters, fantasy, action, adventure, RPG, characters posing"
40,1623730,"Palworld, creatures, fantasy, adventure, creatures, guns, battle, game, monsters, characters"
41,1665460,"eFootball, football, soccer, Lionel Messi, video game"
42,16700,"war,castle,crusade,knight,medieval,battle,game,stronghold"
43,16810,"Civilization IV Colonization, Sid Meier, game, colonization, soldiers, historical"
44,16900,"tactical,gun,video game,Ground Branch,rifle"
45,17390,"Spore, video game, creatures, space, sci-fi, fantasy"
46,17470,"horror, sci-fi, video game, Dead Space, space, zombies, necromorphs"
47,17480,"command and conquer, red alert 3, video game, woman, gun, robots, futuristic"
48,1811260,"FIFA 23, women's soccer, video game, Sam Kerr, Australia, New Zealand"
49,1840,"video editing software, filmmaking, source filmmaker"
50,18500,"robots,war,futuristic,game cover,Defense Grid,PC Gamer"
51,1938090,"soldier, gun, Call of Duty, video game, action, war, military, tactical, combat"
52,1966720,"lethal company, red, glitch art, distorted text, error, corrupted data"
53,19680,"dark,violent,alice,madness,returns,bloody,knife,game"
54,19900,"action,game,violence,explosion,warfare"
55,20,"game,Team Fortress,action,gun,video game"
56,200170,"Worms, Revolution, game, cartoon, level editor"
57,200210,"gaming, fantasy, knight, armor, game title"
58,200260,"Batman, Arkham City, Game of the Year Edition, video game, superhero"
59,200510,"sci-fi,video game,blue tone,futuristic,armed soldiers"
60,200710,"action,game,video game,torchlight,torchlight II,fantasy,role-playing game,RPG,diablo-like,ARPG,character,armor,fire,flames,logo,title screen,header"
61,201230,"EverQuest, video game, dragon, fantasy, free to play"
62,201810,"wolfenstein, video game, soldier, guns, nazis"
63,201870,"Assassin's Creed Revelations, video game, hooded figures, action, adventure"
64,202970,"Call of Duty, Black Ops II, gun, soldier, black and white, video game"
65,203140,"Hitman, video game, action, stealth, assassin, red, suit, gun"
66,203160,"Tomb Raider, Lara Croft, action, adventure, video game"
67,203290,"America's Army, soldier, military, game, proving grounds"
68,203770,"game, Crusader Kings II, free to play"
69,204100,"action,violence,game,Max Payne 3,shooter,thriller"
70,204300,"video game, cartoon, characters, awesomenauts"
71,204360,"video games, cartoon characters, side-scrolling beat-em-up, Castle Crashers"
72,204450,"cowboy, gunslinger, western, Call of Juarez, video game"
73,204880,"sci-fi,space,rebellion,futuristic,game"
74,205100,"stealth, action, video game, Dishonored, assassin, fantasy"
75,205710,"fantasy,game,video game,everquest,female warrior,gold lettering"
76,206420,"action,video game,violence,comedy,aliens,gun,shooting,explosion"
77,206440,"video game, moon, adventure, dog, man"
78,206480,"Dungeons & Dragons, zombies, fantasy, adventure, horror, gaming"
79,207140,"video games, cartoon characters, SpeedRunners, advertisement"
80,207610,"zombies,video game,post-apocalypse,horror,action,adventure,Telltale"
81,208580,"Star Wars, Knights of the Old Republic, Sith Lords, video game, sci-fi, action"
82,208650,"Batman,Arkham Knight,video game,action,adventure,DC Comics,superhero,fantasy"
83,20900,"action,video game,violence,fantasy,fighting,The Witcher"
84,209000,"Batman, Arkham Origins, video game, superhero"
85,209160,"Call of Duty, Ghosts, video game, action, shooter, soldier, mask, gloves"
86,20920,"gaming, fantasy, sword, The Witcher 2, action, adventure"
87,21000,"Lego,Batman,Robbin,videogame,game"
88,21090,"F.E.A.R., video game, horror, woman, fire"
89,210970,"puzzle,game,island,mystery"
90,21130,"Lego, Harry Potter, video game, wands, Hogwarts"
91,211500,"racing cars, raceroom, race cars, game, video game, racing game"
92,211820,"space,game,planets,sun,starbound"
93,212160,"game,advertisement,summer,vacation,beach,boost"
94,212200,"anime, video game, characters, Guild Renewal, 2025"
95,212480,"Sonic, racing, transformed, collection, video game, car, jet, boat"
96,212500,"warriors, battle, Lord of the Rings, swords, archers, fantasy, monsters"
97,212680,"space, planet, FTL, stars, galaxy"
98,212910,"Call of Duty, Black Ops II, Zombies, video game, gaming"
99,213330,"LEGO, Batman, Superheroes, DC, videogame"
100,213610,"Sonic,Shadow,adventure,gaming,videogames,characters,animation"
101,213670,"South Park, video game, The Stick of Truth, cartoon, fantasy"
102,214490,"Alien, Isolation, horror, sci-fi, video game"
103,214510,"Lego, Lord of the Rings, fantasy, adventure, characters, swords, bows"
104,214730,"space rangers, video game, HD, sci-fi, futuristic, robot, war, action, adventure"
105,214950,"Total War Rome II, Roman soldier, video game, strategy game, ancient Rome, Emperor Edition"
106,215080,"anime,elf,boy,fantasy,video game"
107,215100,"Ragnarok, anime, characters, video game, fantasy, characters, online game"
108,216150,"concert,stage,MapleStory,STARGazer,music,festival,characters,cartoon"
109,21690,"Resident Evil, horror, video game, logo, fire, red, orange"
110,217200,"Worms, Armageddon, video game, cartoon, nuclear, explosion"
111,218230,"Planetside 2, anniversary, video game, action, sci-fi, battle, robots, guns, futuristic"
112,218620,"video game, Payday 2, heist, robbery, crime, action, thriller, masked men"
113,2186680,"Warhammer, Rogue Trader, sci-fi, fantasy, video game"
114,219150,"video game,Hotline Miami,violence,action,Miami,retro art"
115,219740,"gaming,adventure,video game,DLC,Hamlet,Don't Starve"
116,219990,"action, adventure, Grim Dawn, dark, fantasy, video game, RPG, dark fantasy"
117,220,"gaming, Half-Life, video game characters, sci-fi"
118,220200,"space, Kerbals, astronauts, cartoon, Kerbal Space Program"
119,220240,"far cry 3, video game, action, adventure, tropical island"
120,220440,"action,video game,devil may cry,dmc"
121,220700,"RPG Maker, anime, game, characters, fantasy"
122,221040,"horror,video game,resident evil,virus,parasite"
123,221100,"DayZ,post-apocalyptic,warfare,survival,video game"
124,221380,"game, medieval, castle, knight, strategy, war, medieval era, black and white, Age of Empires III"
125,221680,"guitar, Rocksmith, video game, music, electric guitar"
126,222440,"fighting game, KOF 2002, anime characters, video game cover, King of Fighters"
127,222480,"horror, video game, Resident Evil, Revelations"
128,222880,"insurgency, soldiers, guns, masks, warfare"
129,22320,"The Elder Scrolls III: Morrowind, game, fantasy, video game, Morrowind, Game of the Year Edition"
130,22330,"The Elder Scrolls IV: Oblivion, game, armor, fire, castle, fantasy"
131,223470,"video game, gun, violence, dark, action, postal 2"
132,22370,"Fallout 3, video game, post-apocalyptic, action, RPG, game cover"
133,223710,"horror, fear, cry, dark, scary"
134,223750,"military,aircraft,tanks,warfare,simulation"
135,22380,"Fallout, New Vegas, video game, post-apocalyptic, sci-fi, RPG, action, adventure, gaming, Bethesda, post-apocalyptic world, futuristic, character, armor, gun, weapon, red sky, cityscape, silhouette, dramatic lighting, Bethesda Softworks. 
 Fallout, New Vegas, video game, post-apocalyptic, sci-fi, RPG, action, adventure, gaming is a more concise list: Fallout, New Vegas, video game, post-apocalyptic, sci-fi 
A more concise list is: Fallout,New Vegas,post-apocalyptic,sci-fi,video game"
136,223850,"gaming,benchmarking,3DMark,performance testing,video games"
137,224260,"zombies,horror,games,violence,blood,death,hell"
138,2246340,"Monster Hunter Wilds, video game, action, adventure, fantasy, monsters, hunters"
139,225540,"action,explosion,video game,Just Cause 3,man,gun,helicopter"
140,225840,"gaming, logo, sven co-op, half-life"
141,226840,"strategy, fantasy, game, medieval, video game, Age of Wonders III"
142,226860,"game, sci-fi, space, strategy, Galactic Civilizations III"
143,227300,"truck, simulator, game, scania, euro"
144,227320,"budget,rocket,finance,launch,money management"
145,2280,"Doom, video game, monsters, guns, action"
146,228180,"gaming, streaming, recording, red eye, action"
147,228200,"soldiers, war, game, Company of Heroes"
148,228280,"Baldur's Gate, video game, Enhanced Edition, expansion, RPG, fantasy"
149,228380,"cars, racing, destruction, game, Wreckfest"
150,230290,"universe, sandbox, planet, space, logo"
151,230410,"warframe, action, sci-fi, fantasy, video game, characters, battle"
152,2310,"gaming, Quake, logo, video game, dark background"
153,231120,"Euro Truck Simulator 2, truck, demo, game, simulation"
154,231350,"3dmark, logo, benchmark, graphics, performance"
155,231430,"war, soldiers, tanks, Company of Heroes 2, guns, battle, warfare"
156,2320,"Quake II, video game, dark, green, logo, horror"
157,232090,"zombies, guns, gas mask, blood, horror, Killing Floor 2"
158,232890,"crusader,stronghold,warrior,knight,game,medieval,crusade,armor,shield"
159,233450,"prison, architect, game, video game, prisoners"
160,233860,"sci-fi,fantasy,adventure,space,landscape"
161,234140,"movie,posters,action,thriller,adventure,post-apocalyptic"
162,234330,"Marvel, Puzzle Quest, superheroes, game, comic characters"
163,235460,"Metal Gear Rising, video game, action, revenge, cyborg, futuristic, sci-fi, violence, Raiden"
164,2358720,"video game, Black Myth Wukong, action, adventure, fantasy, mythology, Chinese culture, armor, warrior"
165,235900,"RPG, anime, fantasy, game development, RPG Maker"
166,236110,"action,video game,dungeon defenders,fantasy,characters,adventure"
167,236390,"War Thunder, fighter jet, Hornet's Sting, military, aircraft, combat, game, aviation"
168,236430,"dark souls, video game, dark fantasy, action, adventure"
169,236850,"strategy, Europa Universalis IV, video game, historical, grand strategy, Europa Universalis"
170,237310,"anime,gaming,event,advertisement,Elsword"
171,238010,"Deus Ex, video game, Human Revolution, Director's Cut, sci-fi, futuristic, action, adventure"
172,238090,"sniper, game, rifle, soldier, war"
173,238320,"horror, Outlast, video game, green, dark, eyes"
174,238460,"gaming, cartoon, action, adventure, battleblock, theater"
175,238960,"gaming, fantasy, Path of Exile, action, RPG"
176,239030,"Papers,Please,dystopian,thriller,document,game"
177,239140,"video game, zombies, Dying Light"
178,239160,"thief, hood, dark, game, stealth"
179,239350,"spelunky, cartoon, treasure, adventure, cave, mining, gold, monster, fantasy"
180,239820,"game development, Tycoon, arcade, video game, simulation"
181,240,"Counter Strike Source, video game, shooter, gun, mask, helmet"
182,24010,"trains, simulation, game, railway, transport"
183,240720,"game, rocks, man, sledgehammer, cauldron, mountains, trees"
184,241930,"Shadow of Mordor, Middle Earth, video game, fantasy, action, adventure"
185,24200,"superheroes, DC Universe, comic characters, fantasy, online game"
186,242050,"pirate,assassin,game,video game,black flag,assassin's creed"
187,242550,"Rayman Legends, video game, cartoon characters, platformer"
188,242680,"Nuclear Throne, cartoon characters, video game, monsters, creatures, music, guitar, skull, colorful"
189,242760,"movie,forest,mystery,thriller,horror"
190,242920,"village, game, medieval, river, Banished"
191,243470,"gaming, action, video game, watchdogs"
192,244160,"Homeworld, Remastered Collection, space, video game, stars"
193,244210,"racing,car,sports,game,simulation,red,Assetto Corsa"
194,244450,"war, tank, game, men, assault, squad"
195,244850,"space, engineers, fieldwork, update, sci-fi, futuristic, spaceship, astronaut"
196,245170,"skullgirls, cartoon, characters, video game, 2nd encore"
197,246420,"kingdom,rush,game,knights,castle,battle,fantasy,warriors,medieval,action"
198,246620,"plague, virus, game, red, biohazard"
199,246840,"magic, fantasy, game, fate, wizard, cloak"
200,246900,"horror, blood, warning, danger, gore"
201,247080,"rhythm, zombies, dancing, skeletons, adventure, cartoon, video game, necromancer, crypt"
202,24720,"Spore,galactic,adventures,expansion,game,space,fantasy,creatures,aliens"
203,24780,"city, simulation, game, deluxe, edition"
204,24790,"soldiers, guns, video game, Command & Conquer"
205,24800,"command and conquer, red alert 3, uprising, video game, strategy"
206,24810,"command,conquer,gaming,video game,action,strategy,warfare,fantasy,sci-fi,robots,fire,explosion,character,cover art,game cover"
207,248170,"software, logo, red, Clickteam, Fusion Standard"
208,248390,"gaming,crafting,adventure,game,craft the world"
209,248570,"toribash,game,logo,character,3d,fighting"
210,249050,"video game, fantasy, adventure, dungeon, endless"
211,249130,"Lego, Marvel, Superheroes, Deadpool, Captain America, Hulk, Iron Man, Lego minifigures, Comic book characters"
212,250320,"wolf,game,video game,werewolf,Telltale"
213,250520,"underground, subway, tunnel, action, thriller, survival, post-apocalyptic"
214,250760,"shovel knight, treasure trove, video game, cartoon characters, medieval theme"
215,250900,"video game, horror, The Binding of Isaac Rebirth, monsters, baby"
216,251060,"warfare,game,ships,aircraft,explosion"
217,251150,"anime,video game,Trails in the Sky,The Legend of Heroes"
218,251290,"anime,video game,characters,action,adventure,fantasy,swordfighting,clouds,airship"
219,251570,"zombies, survival, horror, game, 7 days to die"
220,251670,"hazmat suits, guns, battle, war, cartoon, gas mask, post-apocalyptic"
221,252410,"steampunk, cartoon, adventure, game, digging, fantasy"
222,252490,"rust, game, survival, video game, rust game"
223,252530,"buses, city, transport, simulation, game"
224,252610,"zombies, video game, pixel art, Canada"
225,252870,"space,game,aliens,futuristic,science fiction,adventure"
226,252950,"cars,racing,game,Rocket League,sports,video game"
227,253230,"video game, A Hat in Time, cartoon, adventure, platformer"
228,253250,"city-building, strategy, simulation, video game, StoneHearth II, isometric, 3D graphics"
229,253710,"hunting, deer, ducks, game, sunset"
230,254700,"horror, video game, Resident Evil, forest, survival"
231,255300,"robots,roaches,insects,creatures,game,journey of a roach"
232,255710,"city, game, simulation, skyscraper, transportation"
233,257350,"Baldur's Gate II, Enhanced Edition, video game, RPG, fantasy"
234,257510,"robot,cat,futuristic,science fiction,video game"
235,258970,"action,adventure,game,characters,fantasy,Gauntlet Slayer Edition"
236,259680,"fantasy,game,title screen,dark art,video game"
237,259810,"sheep, cartoon, farm, game, party, aliens"
238,2600,"vampire,game,darkness,horror,fantasy"
239,261030,"zombies,walking dead,video game,apocalypse,horror"
240,261550,"Mount&Blade II, Bannerlord, medieval, knight, horse, armor, battleaxe, video game, fantasy, warfare"
241,261570,"Ori, forest, adventure, fantasy, video game, platformer"
242,261640,"video game, sci-fi, action, Borderlands, The Pre-Sequel"
243,262060,"darkest dungeon, video game, rpg, gothic, fantasy"
244,262410,"gun, disassembly, pistol, ammunition, World of Guns"
245,2630,"war, soldiers, guns, Call of Duty 2"
246,264710,"underwater,scuba diving,submarine,ocean,game,fish,diver"
247,265550,"video game, zombies, apocalypse, action, survival, Dead Rising 3"
248,265930,"goat, simulator, game, grass, field"
249,266410,"racing, car, iRacing, speed, competition, motorsport"
250,266840,"mythology, game, greek, gods"
251,268050,"horror, survival, video game, barbed wire"
252,268400,"gold edition, darkworks, logo, game, video game"
253,268500,"XCOM 2, alien, skulls, video game, sci-fi, horror"
254,268650,"war,ships,fire,naval,battle,explosion"
255,268850,"EVGA, precision, X1, purple, logo, banner"
256,268910,"Cuphead, videogame, cartoon, characters, yellow background"
257,269210,"action,video game,hero siege,fantasy,characters,combat,violence,demons,zombies,undead"
258,2694490,"action,role-playing,gaming,Path of Exile,video game"
259,269770,"secrets of grindea, anime, sword, adventure, fantasy, game"
260,269950,"flight simulator, XPlane11, space background, video game, aviation"
261,270150,"soldiers, rifles, war, battle, fighting, guns, army, combat, warfare, violence"
262,270880,"American truck simulator, truck, simulation game, red truck, highway"
263,271590,"gaming, action, GTA 5, video game, Grand Theft Auto V"
264,273110,"gaming, zombies, guns, action, Counter Strike Nexon"
265,274170,"video game, Hotline Miami 2, cartoon, action, violence"
266,274190,"action,video game,comic,explosion,characters"
267,274520,"horror, dark, creature, monster, black and white, darkwood"
268,274940,"shark, ocean, depth, water, teeth, monster"
269,275850,"No Man's Sky, robots, space, video game, update"
270,276810,"Mordheim, fantasy, zombies, undead, warriors, battle, dark, city, game, video game"
271,278080,"warrior, sword, Dynasty Warriors 8, video game, action, fantasy"
272,280220,"Creeper World, video game, strategy, map, Arc Eternal"
273,280680,"Krita, art, digital painting, software, illustration, graphics"
274,281990,"space, sci-fi, video game, Stellaris"
275,282070,"war, mine, final cut, game, poster"
276,282140,"SOMA, video game, horror, sci-fi, dark atmosphere"
277,282440,"Quake, esports, gaming, logo, Quake Live"
278,282800,"anime,girls,orange juice,100%,cartoon,characters,action,shroom,spoon"
279,283640,"gothic,black,white,logo,game"
280,284160,"cars, racing, driving, BeamNG, game, vehicles"
281,285190,"Warhammer,Dawn of War III,video game,horror,fantasy,warfare"
282,285310,"rollercoaster, tycoon, deluxe, game, amusement park"
283,285330,"rollercoaster, tycoon, game, amusement park"
284,285900,"Gang Beasts, cartoon characters, colorful, playful, video game"
285,285920,"robots,vehicles,game,Terra Tech,fantasy,mechs,building,construction,blocks,cartoon,futuristic,science fiction,machines,technology,3D,video game"
286,286160,"tabletop, simulator, games, chess, cards, dice, poker chips"
287,286690,"gaming, post-apocalyptic, video game, metro, redux"
288,287290,"resident evil, video game, horror, survival, zombie"
289,287390,"Metro, Last Light, Redux, video game, post-apocalyptic, gas mask"
290,287450,"steampunk, strategy, game, fantasy, dragon, Rise of Nations"
291,287700,"Metal Gear Solid, stealth game, action, video game, The Phantom Pain"
292,287980,"Mini Metro, subway, game, transportation, logo"
293,288160,"mystery, horror, door, room, thriller"
294,288470,"Fable Anniversary, video game, Xbox 360, action RPG, fantasy, hero, sword, anniversary edition"
295,289070,"Civilization VI, Atlas, video game, strategy"
296,289130,"video game, castle, dragon, fantasy, Endless Legend"
297,289650,"Assassin's Creed Unity, video game, action, adventure, Assassin's Creed, Unity, game cover"
298,290340,"fantasy, animals, swords, Armello"
299,291480,"warface,clutch,warland park,video game,action,shooter"
300,291550,"Brawlhalla, anime, purple, action, fighting, game"
301,291650,"fantasy, video game, battle, warriors, Pillars of Eternity"
302,292000,"horror, video game, zombies, update"
303,292030,"The Witcher, video game, Geralt of Rivia, fantasy, action, adventure."
304,292120,"video games, Final Fantasy XIII, fantasy, anime, female warrior"
305,292730,"Call of Duty, Infinite Warfare, game, video game, gaming"
306,293760,"automation, game, tycoon, cars, company"
307,294100,"RimWorld, game, logo, planet, space"
308,294860,"valkyria chronicles, anime, war, guns, girls, soldiers"
309,296490,"game, fantasy, creatures, tower, shadows"
310,297000,"Might & Magic, Heroes III, HD Edition, knights, battle, medieval, strategy, game cover, fantasy, warriors"
311,29720,"Guild Wars, video game, fantasy, female character, blonde hair, blue eyes, dark attire, serious expression"
312,298030,"game, Total Annihilation, video game, title screen"
313,298050,"game, space, stars, orion, master, conquer"
314,298110,"videogames, mountains, guns, FarCry4, action"
315,30,"war, soldiers, defeat, army, battle, military"
316,300,"video game, soldiers, Day of Defeat, World War, Source engine"
317,301120,"hockey,game,manager,sport,ice rink"
318,301320,"roller coaster, simulation, game, amusement park, noLimits 2"
319,302510,"warrior, armor, battle, Ryse, Rome"
320,302670,"Call of Duty, soldier, fire, flames, gun, war, combat"
321,304050,"Trove, video game, Rising Tides, underwater scene, pixelated graphics, fantasy, adventure"
322,304240,"horror, mansion, video game, Resident Evil"
323,304390,"video game, swords, pirates, knights, action, For Honor, Defiance"
324,304410,"game, puzzle, hexagon, hexcells, infinite"
325,304430,"puzzle,platformer,game,inside,video game"
326,304930,"game, logo, Unturned, blue, text"
327,305620,"survival, wilderness, bear, sword, winter"
328,306020,"Bloons TD 5, cartoon, game, monkeys, balloons"
329,306130,"Elder Scrolls,online,gaming,fantasy,adventure,characters,horses,ruins,landscape"
330,307690,"action,video game,violence,man,blood"
331,307780,"Mortal Kombat X, Scorpion, fighting game, video game character"
332,307950,"action,game,violence,gunfight,shooting,warfare,combat,video game,Caliber"
333,307960,"planes,aircraft,WWII,airplanes,games,videogames"
334,310950,"Street Fighter, Ryu, fighting, video game, martial arts"
335,311210,"Call of Duty, Black Ops, video game, soldier, armor, futuristic"
336,311310,"ship, sea, naval, action, sailing, ocean, boat, clouds, sky, water, historical, battle, warship, vessel, pirate, naval action"
337,311340,"Metal Gear Solid V, stealth, Hideo Kojima, video game, tactical espionage"
338,311560,"Assassin's Creed Rogue, video game, action, adventure, Ubisoft"
339,311690,"gunplay,action,video game,characters,shooting,combat,violence,robots,aliens,fantasy,adventure,gungeon"
340,311770,"Lego,Pirates of the Caribbean,video game,Disney"
341,312060,"Final Fantasy XIV, online, free trial, video game, advertisement"
342,312450,"war, soldiers, battle, guns, World War II"
343,312520,"rain world, monster, slugcat, video game"
344,312530,"game, duck, casino, slots"
345,312660,"sniper,rifle,war,military,game"
346,312750,"final fantasy, 3D remake, video game"
347,313120,"survival, ocean, stranded, deep, sea"
348,313690,"Lego,Batman,game,video game,cover art,robot,space"
349,314160,"Microsoft, Flight Simulator X, Steam Edition, game, simulation"
350,314650,"space,engine,planet,stars,nebula"
351,315210,"Suicide Squad, video game, DC Comics, action, characters, anti-heroes"
352,315660,"train, steam engine, clouds, trainz, new era"
353,3164500,"cartoon, gun, cigarette, video game"
354,319510,"horror,game,animation,freddy's,terror"
355,319630,"video game, adventure, mystery, girl, polaroid, notebook"
356,320,"Half-Life, video game, deathmatch, action, sci-fi, multiplayer, FPS, gaming"
357,321960,"Might & Magic Heroes VII, fantasy, video game, phoenix, mountains"
358,322170,"geometry dash, video game, pixel art, obstacles, platformer"
359,322330,"cartoon,robot,vampire,video game,DLC,Don't Starve Together"
360,323190,"gaming,video game,announcement,frostpunk"
361,32330,"Lego, Indiana Jones, adventure, video game, cartoon"
362,323470,"dragonball, xenoverse, game, anime"
363,32370,"Star Wars, Knights of the Old Republic, video game, sci-fi, characters"
364,323850,"cartoon,game,characters,action,adventure,move or die"
365,3241660,"R.E.P.U., cartoon characters, glowing eyes, dark background, creepy atmosphere"
366,32430,"Star Wars, The Force Unleashed, Sith, video game, Ultimate Sith Edition"
367,32440,"Lego, Star Wars, game, video game, characters"
368,32470,"Star Wars, Empire at War, Gold Pack, video game"
369,324800,"Shadow Warrior, video game, action, warriors, dragon, swords, guns"
370,32510,"Lego, Star Wars, video game, characters, Yoda, lightsabers"
371,325610,"Total War, Attila, game, strategy, war, history, Attila the Hun"
372,326360,"game,online,warrior,fantasy,video game"
373,326460,"tanks, battle, game, ShellShock Live"
374,327030,"worms, cartoon, war, game, explosion"
375,327400,"ship, game, colonization, Sid Meier, sailing, historical, video game, American flag"
376,329000,"anime, corruption, hacker, data, digital art"
377,329050,"Devil May Cry, video game, action, characters, Special Edition"
378,329110,"game, castle, gems, war, puzzle, match-3"
379,329430,"video game, State of Decay, survival edition, post-apocalyptic, zombie apocalypse"
380,330020,"action,adventure,game,video game,characters,fantasy,Children of Morta"
381,3310,"game, puzzle, colorful, deluxe"
382,331470,"anime,girls,summer,everlasting,video game"
383,3320,"fish,shark,game,underwater,treasure"
384,33230,"Assassin's Creed 2, video game, Ezio Auditore, action, adventure"
385,332800,"fnaf,freddy fazbear,animation,horror"
386,332950,"horror, dark, monster, game, teeth"
387,3330,"game, slot, Azuma, deluxe, casino"
388,333420,"pirate, sword, game, Cossacks3, pirate game, video game, strategy game, Cossacks 3"
389,333640,"Caves of Qud, video game, roguelike, fantasy, caves, dungeon crawler"
390,334230,"cartoon, game, salem witch trials, murder, mystery, strategy"
391,334920,"robot, futuristic, sci-fi, game, Zero-K"
392,335240,"mice, cheese, game, cartoon, transformice"
393,335300,"dark souls, video game, dark fantasy, action, rpg, adventure, scholar, armor, knight"
394,337000,"Deus Ex, video game, Mankind Divided, action, sci-fi"
395,337320,"violence, cartoon, murder, blood, fight, red"
396,337410,"warrior, sword, helmet, Karos, battle, armor"
397,33930,"Arma, soldier, gun, military, video game"
398,339340,"horror,game,resident evil,corridor,darkness,zombies"
399,339600,"spacecraft, spaceships, videogame, AVEGA CONFLICT, Conquer the Void, skull, astronaut, space"
400,339610,"basketball,freestyle,anime,anniversary,game"
401,339800,"anime,girls,game,huniepop,characters,candy,heart,match3,puzzle,animegirls"
402,340,"village, mountains, Half-Life, Lost Coast, church"
403,34030,"Total War, Napoleon, strategy, video game, definitive edition"
404,341310,"fox,blue,logo,pen nib,grey,white,cursive,gradient"
405,341800,"game, bomb, explosion, party"
406,341940,"Hatred,video game,violence,darkness,aggression"
407,342200,"MechWarrior, online, legends, robots, sci-fi, gaming"
408,342940,"fantasy,game,characters,female,sword,mythology"
409,34330,"Total War, Shogun 2, samurai, horses, battle, armor, Japan, video game, strategy, war, medieval, historical, cavalry, warriors, red background"
410,343780,"cat, fishing, serene, lake, nature, game"
411,345240,"Total War, Shogun, game, collection, strategy"
412,345260,"war, medieval, collection, game, knight, armor"
413,346010,"siege,warfare,medieval,battle,explosion,game"
414,346110,"dinosaurs,dinomancy,fantasy,video game,action,adventure,survival,prehistoric,creatures,ark,game art,fiction,dinosaurs riding,armor,weaponry,mythical creatures,prehistoric era,game poster,ark survival evolved"
415,346900,"money, cartoon, businessman, wealth, game"
416,3480,"game, peggle, unicorn, cartoon, fantasy"
417,348550,"Guilty Gear, video game, anime, fighting game, action"
418,349040,"Naruto, anime, Storm 4, fighting game, video game"
419,350080,"wolfenstein, action, violence, war, nazi, blood, fight"
420,35140,"Batman, Arkham Asylum, Game, Video Game, Superhero"
421,351510,"quiz, clash, speech bubbles, broken glass, blue background"
422,352400,"Lego, Jurassic World, dinosaurs, toys"
423,352720,"simulation, video game, space, fantasy, sci-fi, strategy"
424,3540,"Peggle Nights, game, moon, night, cartoon."
425,354290,"love,beat,music,rhythm,heart,love beat"
426,356190,"Middle-earth, Shadow of War, video game, logo, black background, white text"
427,356500,"Star Wars, videogame, stormtrooper, clone trooper, battle, space, sci-fi, action"
428,357070,"gothic,vampire,cyberpunk,female,violence"
429,357190,"Marvel, Capcom, fighting game, Ultimate Marvel vs. Capcom 3"
430,3590,"plants,zombies,game,cartoon,video game"
431,359320,"spacecraft,space,game,Elite Dangerous,ships,fighting"
432,359550,"Rainbow Six Siege, action, video game, tactical, FPS, shooting, warfare"
433,359870,"Final Fantasy, X, X-2, HD Remaster, video game, characters"
434,360430,"guns,violence,mafia,crime,action,video game"
435,361280,"oil rigs, mountains, landscape, oil wells, Turmoil"
436,361420,"space, astronaut, game, Astroneer"
437,3620,"game, colorful, cartoon, Zuma's Revenge, PopCap"
438,362620,"software, business, city, cartoon, simulation"
439,362680,"dark,fantasy,horror,video game,cat,girl,blood,fran bow"
440,362890,"gaming, Black Mesa, video game, action, sci-fi, first-person shooter, Definitive Edition"
441,363090,"Nobunaga's Ambition, samurai, armor, Japanese text, video game, historical figure, Oda Nobunaga"
442,363110,"game, advertisement, Nobunaga's Ambition, Japanese text, historical figure, fantasy art"
443,363150,"video game, Romance of the Three Kingdoms, strategy, historical, characters"
444,363890,"RPG Maker MV, anime, characters, game development, fantasy"
445,363970,"game,clicker,heroes,video game,character,adventure,clicker heroes"
446,364360,"Total War, Warhammer, video game, strategy, fantasy, medieval, war, battle, logo, title screen, dark, green, gold, red"
447,365360,"battle, warriors, swords, medieval, armor, rpg, strategy"
448,365590,"post-apocalyptic,action,adventure,video game,The Division,Tom Clancy's"
449,365670,"cat, underwater, fish, black cat, ocean, glowing eyes"
450,365960,"racing,car,track,speed,game,simulation,rfactor2"
451,366090,"Minecraft, colony, survival, trees, pixelated, villagers"
452,366220,"game, Wurm Unlimited, fantasy, adventure, characters, sword, medieval, RPG"
453,367450,"bridge, game, vehicles, landscape, isometric, puzzle"
454,367500,"dragon,dogma,dark,arisen,gaming,video game"
455,367520,"Hollow Knight, video game, knight, sword, dark art"
456,367670,"gaming, controller, accessories, green, white"
457,368070,"sniper,game,warrior,ghost,3"
458,368260,"Marvel, Midnight Suns, video game, superheroes, comic book characters, action, fantasy, adventure, X-Men, Wolverine, Ghost Rider"
459,368340,"anime,video game,characters,action,fantasy,adventure"
460,368500,"Assassin's Creed, action, adventure, video game, historical, stealth, characters, hooded figures, swords, guns, Victorian-era, London"
461,369990,"gremlins,game,advertisement,steampunk,fantasy"
462,371660,"FARCRY, PRIMAL, mammoth, prehistoric, video game, action, adventure"
463,371970,"video game,Barony,fantasy,characters,pixel art"
464,372000,"angels, anime, fantasy, Tree of Savior, video game, wings"
465,373420,"video game, fantasy, action, Divinity Original Sin, RPG, characters, battle"
466,373930,"war, tanks, planes, military, strategy"
467,374040,"dragon,knights,portal,gaming,adventure,fantasy,action,video game"
468,374320,"dark souls, video game, dark fantasy, knight, sword, armor, fire, castle, mountains, clouds, yellow, dark, dramatic"
469,375450,"warrior, gun, samurai, video game, Nobunaga's Ambition"
470,375480,"fantasy,game,characters,adventure,heroes"
471,375910,"cityscape, futuristic, sci-fi, video game, ANNO 2205"
472,375950,"plants, succulents, green, viridi, 3D art"
473,376210,"dinosaurs, tunnel, The Isle, dinosaur fight, prehistoric creatures"
474,377160,"Fallout 4, videogame, Pip-Boy, Vault Boy"
475,377300,"soldiers, guns, war, game, thunder tier one"
476,377530,"anime,man,characters,chinese,calligraphy,brushstrokes"
477,377840,"Final Fantasy IX, video game, RPG, fantasy, woman, castle"
478,378760,"pixel starships, spaceship, cartoon, video game, sci-fi, space, alien, captain"
479,379430,"medieval, sword, knight, video game, Kingdom Come Deliverance"
480,379720,"Doom, video game, sci-fi, action, shooter, armor, gun, hellish"
481,380600,"fishing, boats, sunset, ocean, simulator, video game"
482,381210,"horror,game,Dead by Daylight,killers,survivors,scary"
483,382310,"eco, game, environment, city, nature, deer"
484,3830,"video games, Psychonauts, cartoon, characters, fantasy, adventure"
485,383120,"space,game,survival,ship,tablet,blue,desert,crafting,technology"
486,383150,"zombie, island, horror, game, survival"
487,383180,"zombie, video game, horror, survival, island"
488,383870,"firewatch, logo, orange, shield, watch"
489,383980,"fighting,game,characters,rivals,aether"
490,38400,"Fallout,post-apocalyptic,role-playing game,rpg,video game,post-nuclear,retro-futuristic"
491,38410,"video game,post-apocalyptic,fantasy,rpg,Fallout 2,game cover"
492,384180,"prominence,poker,gambling,cards,game,man,cigar,violence,action"
493,384300,"gaming, CPU, cores, advanced, FPS"
494,385770,"game, clicker, upgrade, idle"
495,386070,"game, robot, titans, planetary annihilation"
496,386180,"action,robot,post-apocalyptic,futuristic,warfare,combat,mecha,sci-fi,violence,destruction"
497,386360,"gods,smite,fantasy,video game,characters,mythology,action,adventure,game"
498,386940,"game, chicken, horse, cartoon, animals"
499,387290,"Ori, Blind Forest, video game, fantasy, adventure, platformer"
500,387990,"action,scrap,mechanic,survival,game,robots,fighting,characters,weapon"
501,388080,"gaming, borderless, utility, gamers, technology"
502,388410,"dark,skull,game,death,video game"
503,389430,"fantasy,game,characters,online,knight,warriors,fighting,MMORPG"
504,389730,"tekken,video game,fighting game,devil,red background"
505,3900,"Civilization, game, strategy, Sid Meier"
506,3910,"Civilization 3, video game, castle, strategy"
507,39120,"fantasy,game,robot,machine,warrior,futuristic,science fiction,video game"
508,391220,"Tomb Raider, action, adventure, Lara Croft, video game"
509,39140,"Final Fantasy VII, video game, Cloud Strife, Buster Sword"
510,39150,"final fantasy, video game, anime, action, rpg, fantasy, adventure, role-playing game, square enix"
511,391540,"undertale, logo, game title, pixelated font, red symbol"
512,3920,"pirates, swords, ship, fight, game"
513,39210,"Final Fantasy XIV, online, video game, fantasy, action, adventure, character, armor, sword"
514,392110,"sci-fi,space,fantasy,game,video game,ships,warrior,magic,staff"
515,392160,"X4,Foundations,space,game,astronauts,flight model"
516,393080,"Call of Duty, Modern Warfare Remastered, soldiers, helicopters, war, military, action"
517,393380,"war, soldiers, guns, squad, battle, army, combat, game, warfare, military"
518,394310,"fighting, pixel art, Punch Club, video game, characters"
519,394360,"war, strategy, game, military, officers"
520,394510,"action,game,video game,helldivers,dive harder,fighting,warriors,aliens,space,combat,shooting,armor,war,violence,futuristic,science fiction,skull,logo,banner,characters,creatures,monsters,battlefield,explosion,smoke. 
 Helldivers,action,game,dive harder,fighting,aliens,space,combat,shooting,war,futuristic,science fiction. 
 Helldivers,dive harder,action,game,fighting,aliens,combat,shooting,war,futuristic 
action,game,dive harder,fighting,aliens,combat,shooting,war 
action,game,dive harder,fighting,aliens,combat 
action,game,dive harder,fighting,aliens 
action,game,dive harder,fighting 
action,game,dive harder 
 Helldivers,dive harder 
 Helldivers 
action,game 
 Helldivers,dive harder,action,game 
 Helldivers,action 
action 
 Helldivers,dive harder,game 
game,dive harder 
 Helldivers,game 
 Helldivers,dive 
dive harder 
 Helldivers 
action,game,dive harder,fighting 
 Helldivers,dive harder,fighting 
 Helldivers,fighting 
fighting 
action,fighting 
 Helldivers,action,fighting 
action,game,fighting 
 Helldivers,game,fighting 
game,fighting 
 Helldivers,fighting,game 
action,dive harder 
game,dive harder 
 Helldivers,action,game,dive harder 
 Helldivers,dive harder,action 
action,game,dive 
 Helldivers,action,dive 
 Helldivers,dive 
action,dive 
game,dive 
 Helldivers,game,dive 
dive 
action,game,dive harder 
 Helldivers,dive harder,action 
 Helldivers,action,dive harder 
 Helldivers,action,game 
 Helldivers,game 
 Helldivers,action,game,dive 
action,game,dive 
 Helldivers,dive,game 
action,dive,game 
 Helldivers,action,dive,game 
 Helldivers,game,dive 
 Helldivers,action,game,dive harder 
action,helldivers 
 Helldivers,action,game,dive 
 Helldivers,game,action 
 Helldivers,action,dive 
 Helldivers,game,dive 
 Helldivers,action,dive harder,game 
action,game,helldivers 
 Helldivers,game,dive harder 
game,dive harder,helldivers 
 Helldivers,dive harder,game 
 Helldivers,action,game,dive harder 
action,dive harder,helldivers 
 Helldivers,action,dive,game 
action,helldivers,dive 
 Helldivers,dive,action 
 Helldivers,dive,game 
 Helldivers,game,dive,action 
 Helldivers,action,dive,game 
action,game,helldivers,dive 
action,game,dive,helldivers 
 Helldivers,dive 
action,dive 
game,dive 
 Helldivers,game 
action,game 
 Helldivers,dive harder 
dive harder 
action 
game 
 Helldivers 
 Helldivers,action,game 
 Helldivers,game,action 
 Helldivers,action,dive 
 Helldivers,dive,action 
action,dive,game 
action,game,dive 
game,dive,action 
action,dive,helldivers 
 Helldivers,action,dive 
action,helldivers,dive 
 Helldivers,dive,action 
action,dive harder,game 
action,game,dive harder 
game,action,dive harder 
game,dive harder,action 
dive harder,action,game 
dive harder,game,action 
 Helldivers,game,dive harder 
 Helldivers,dive harder,game 
game,helldivers,dive harder 
game,dive harder,helldivers 
dive harder,game,helldivers 
dive harder,helldivers,game 
 Helldivers,action,dive harder 
 Helldivers,dive harder,action 
action,helldivers,dive harder 
action,dive harder,helldivers 
dive harder,action,helldivers 
dive harder,helldivers,action 
action,game 
 Helldivers,dive harder,action 
 Helldivers,action,dive harder 
action,dive harder 
action,helldivers 
 Helldivers,action 
 Helldivers,game,dive 
 Helldivers,dive,game 
 Helldivers,game,dive,action 
 Helldivers,dive,action 
 Helldivers,action,dive 
 Helldivers,action,game,dive 
 Helldivers,game,action,dive 
 Helldivers,action,game 
action,game,helldivers,dive 
action,dive,game,helldivers 
action,dive,helldivers 
action,helldivers,dive 
action,game,dive,helldivers 
 Helldivers,dive,action,game 
 Helldivers,action,dive,game 
 Helldivers,game,action,dive 
 Helldivers,game,dive,action 
 Helldivers,dive,game,action 
 Helldivers,action,game,dive 
action,game,dive,helldivers 
 Helldivers,action,game 
action,helldivers,game 
 Helldivers,game,action 
action,game,helldivers 
game,action,helldivers 
game,helldivers,action 
 Helldivers,game,action 
 Helldivers,action,game 
action,dive harder 
 Helldivers,dive harder 
dive harder,helldivers 
 Helldivers,action,dive harder 
action,helldivers,dive harder 
dive harder,action,helldivers 
 Helldivers,dive harder,action 
action,dive harder,helldivers 
 Helldivers,action,dive 
action,helldivers,dive 
 Helldivers,dive,action 
action,dive,helldivers 
 Helldivers,action,dive 
 Helldivers,dive 
action,dive 
 Helldivers,game,dive 
 Helldivers,dive,game 
game,helldivers,dive 
game,dive,helldivers 
dive,game,helldivers 
dive,helldivers,game 
 Helldivers,game,dive 
 Helldivers,dive,game 
action,game 
game,action 
 Helldivers,game 
game,helldivers 
 Helldivers,action 
action,helldivers 
 Helldivers,dive harder 
dive harder,helldivers 
action,dive harder 
dive harder,action 
 Helldivers 
action 
game 
dive harder 

The final answer is: Helldivers,dive harder,action,game,fighting,aliens"
521,394690,"gaming,video game,Tower Unite,game modes,amusement park,multimedia,entertainment"
522,39510,"Gothic II, Gold Edition, armor, knight, dragon, video game"
523,396160,"magic, anime, fantasy, girl, sword, monsters"
524,396750,"spacecraft,space,game"
525,397340,"planes, aircraft, airport, game, SimplePlanes"
526,397350,"Lords of the Realm II, medieval, knights, horses, armor, swords, game, strategy"
527,397460,"games, party, jackbox, boxes, pack"
528,397540,"video games, action, adventure, Borderlands 3, post-apocalyptic"
529,397900,"game, dice, cartoon, man, board game"
530,3990,"Civilization IV, Warlords, Sid Meier, strategy, video game, medieval, battle"
531,399790,"fantasy,warrior,dragon,cave,adventure,fight,mythical creature,game"
532,400,"portal, game, logo, blue, white"
533,4000,"garrys mod, game, mod, video game"
534,400040,"screenshot,software,logo,ShareX"
535,400750,"war, tank, soldiers, gates of hell, cta"
536,40100,"robot,game,war,machine,fighting,Supreme Commander 2"
537,402840,"cartoon,game,adventure,characters,sword,fantasy,action,comedy,video game,Crusaders of the Lost Idols"
538,403190,"space, planet, spaceship, sci-fi, futuristic"
539,403640,"Dishonored 2, video game, action, stealth, fantasy"
540,403900,"cartoon,video game,characters,close-up,red text"
541,404410,"spacecraft, stars, planets, space, sci-fi"
542,404790,"godot, game engine, video game, robot, sci-fi"
543,405310,"Lego, Avengers, Marvel, toys, superheroes"
544,407230,"fantasy,robes,robed figures,desert,giant,legend,mysteria"
545,40800,"video game, cartoon, red, teeth, eyes, Super Meat Boy"
546,40960,"castle, knight, sword, medieval, game, stronghold2"
547,40970,"crusader,king,shield,war,game,strategy,desert,medieval,crusade,stronghold"
548,409710,"Bioshock, Remastered, video game, Big Daddy"
549,409720,"gaming, Bioshock, video game, remastered, sci-fi"
550,410320,"sci-fi,video game,action,robots,aliens,military"
551,410340,"drone, game, LiftOff, video game, drone racing"
552,410900,"war, battle, cannons, explosions, forts, game, action, shooting, artillery"
553,410980,"Master of Orion, video game, space battle, strategy game, sci-fi, Antares"
554,412020,"post-apocalyptic, video game, Metro Exodus, survival, train tracks"
555,412220,"gaming, DDraceNetwork, video game, cartoon"
556,412830,"Steins;Gate, anime, science fiction, time travel"
557,413150,"pixel art, farm, chicken, trees, mountains, Stardew Valley"
558,413410,"Danganronpa, Trigger Happy Havoc, anime, video game"
559,413420,"Danganronpa, anime, manga, video game, characters"
560,414700,"Outlast, horror, video game, dark, scary"
561,415200,"racing, formula, management, game"
562,417910,"street warriors,online game,video game,characters,masks"
563,418030,"violence, blood, survival, outdoors, game"
564,418240,"samurai, warriors, swords, feudal Japan, video game, strategy, battle"
565,418370,"Resident Evil, biohazard, horror, video game, survival horror"
566,418460,"war, soldier, helicopter, Vietnam, game, Rising Storm 2"
567,418530,"spelunky,video game,adventure,cave exploration,cartoon style"
568,420530,"video game, neShot, pixel art, character, glowing orb, dark background"
569,423230,"robot, futuristic, fantasy, battle, futuristic city, robot fight, lightning, anime, manga, cyberpunk"
570,423580,"buildings, city, highrise, project, skyscrapers"
571,423710,"zombies, video game, top-down, pixel art, zombies invasion"
572,424030,"war, eagle, flags, battle, rights"
573,424840,"horror, video game, little nightmares, creepy, dark"
574,426000,"anime,game,studio,logo"
575,42680,"Call of Duty, MW3, soldier, gun, video game, camouflage, tactical, military, black and white, green, white background"
576,42700,"soldier, guns, Call of Duty, Black Ops, war, gaming, action"
577,427290,"vampyr,game,video game,vampire,action,adventure"
578,427410,"sci-fi,action,video game,dark energy,fantasy,robots,aliens"
579,427520,"factory,game,machines,industrial,technology,robots,mining,construction"
580,427730,"game, cartoon, dog, daddy"
581,429050,"shark, fish, ocean, game, underwater"
582,42960,"strategy, game, victoria, military, war, prussia"
583,429790,"adventure,quest,gaming,characters,fantasy,action,3D"
584,431240,"golf, friends, game, mini golf, hat, ball, grass"
585,431730,"pixel art,aseprite,editor,animation,software"
586,431960,"wallpaper,car,engine,software,customization"
587,432350,"anime, fantasy, game, characters, cartoon, Epic Battle Fantasy 5"
588,433340,"Slime Rancher, cartoon, video game, slimes, character, fantasy, colorful, vibrant, game art"
589,433850,"battle royale, new season, game, z, kanoj, kanoj z"
590,434170,"games, party, jackbox, pack3"
591,434650,"fantasy,adventure,game,castle,rat,sword"
592,435150,"RPG, fantasy, Divinity, video game, characters"
593,437920,"Tricky Towers, cartoon, game, blocks, towers, building, fantasy, colorful, characters"
594,438020,"robot, dark, red, horror, video game"
595,438040,"video game, cartoon, adventure, fantasy, Shakes & Fidget"
596,438100,"VRChat, avatars, virtual reality, cartoon characters, chat platform"
597,438480,"rock, music, game, defense, band"
598,440,"Team Fortress 2, video game, cartoon characters, guns, weapons"
599,440900,"Conan Exiles, fantasy, adventure, warriors, sword, video game, action"
600,441550,"Star Wars, Rebellion, spaceship, space, sci-fi, video game"
601,441960,"truck, simulation, game, demo, american"
602,442120,"pinball,fx,3,games,cartoon,characters,video game"
603,444090,"game, Paladins, characters, fantasy, action, video game"
604,444200,"tank,game,WorldOfTanksBlitz,military,vehicle,war,blitz,tanks,gaming,action"
605,444480,"dreamy, artistic, broken dreams, fantasy, abstract"
606,444490,"game, polywar, logo, abstract, 3d, graphics"
607,444640,"game, cartoon, characters, trophies, competition"
608,444940,"armor, blood, woman, comic, red hair, black background, Harlequin, DC Comics"
609,445220,"space, Avorion, planet, ships, game, sci-fi"
610,445980,"fantasy, wizards, magic, cartoon, adventure, game, legend"
611,447020,"farming, tractor, simulator, agriculture, farm, game"
612,447040,"video game,watch dogs,golden gate bridge,san francisco"
613,447530,"cyberpunk, bartender, action, video game, anime girl"
614,448510,"cooking, cartoon, game, multiplayer, Overcooked"
615,448630,"graffiti,wall,brick,vandalism,spray paint"
616,4500,"stalker, chernobyl, video game, post-apocalyptic, survival, nuclear"
617,450540,"hot dogs, horseshoes, hand grenades"
618,451340,"mining, simulator, heavy machinery, construction, game, gold mining"
619,453090,"amusement park, theme park, roller coaster, Parkitect"
620,453480,"anime, cards, characters, fantasy, game, Shadowverse"
621,454650,"Dragon Ball Xenoverse 2, anime, fighting game, action, video game"
622,4560,"war, soldiers, game, company of heroes"
623,456750,"puzzle, pyramid, mystery, game, The Room Three"
624,4570,"Warhammer, Dawn of War, Anniversary Edition, battle, war, violence, anger"
625,457140,"space, cartoon, game, oxygen, adventure"
626,45740,"zombies,action,video game,horror,fighting,Dead Rising 2"
627,457550,"bigscreen, blue, white, logo, technology"
628,45760,"Street Fighter IV, fighting game, Ryu, Capcom"
629,4580,"Warhammer, Dawn of War, Dark Crusade, sci-fi, fantasy, video game, armor, knight"
630,458710,"kingdom, tower, battle, cartoon, swords, monsters, castle, desert, jungle, fantasy, adventure, video game"
631,458750,"graphic design, FireAlpaca, software, editing, digital art"
632,459220,"Halo, soldiers, guns, armor, sci-fi, video game, Halo Wars"
633,459820,"pink,game,anime,crush,event"
634,460790,"action,video game,character,fighting,Bayonetta"
635,460920,"steep, x-games, new content, video game"
636,460930,"action,video game,helicopter,mountains,warfare,tactical,shooter,adventure,landscape,military"
637,460950,"anime, Katana Zero, action, video game, futuristic"
638,462780,"action, fantasy, video game, apocalypse, dark, horse, fire, destruction"
639,463530,"insects,ant,mantis,game,cover"
640,464920,"surviving mars,space,game,red,orange,futuristic,astronauts,mars colony,video game art"
641,466170,"gods, fantasy, cartoon, magic, game"
642,466560,"Vikings, mountains, boat, game, Northgard"
643,468920,"fishing, simulator, game, fish, water"
644,469600,"anime,girl,game,legion,td2,fox,magic"
645,4700,"Total War, Medieval II, game, king, armor, crown"
646,470220,"cards, game, uno, playing cards"
647,470310,"trouble shooter, anime, girl, shooter, game"
648,471710,"Rec Room, cartoon characters, video game, avatars, orange logo"
649,473690,"fighting, swords, Absolver, action, video game"
650,47410,"Stronghold, Kingdoms, Crusader, Knights, Medieval, Game"
651,475150,"warrior, Titan Quest, fantasy, action, RPG, game, anniversary edition, adventure"
652,475550,"spy, surveillance, mystery, dark, thriller, Beholder"
653,4760,"Total War, Rome, video game, strategy, ancient Rome, collection, edition"
654,476460,"picross, puzzle, game, grid, nonogram"
655,476600,"Call of Duty, WWII, video game, war, action"
656,477160,"game, candyland, human fall flat, cartoon, new level"
657,477740,"anime, video game, characters, The Nonary Games"
658,47780,"video game, sci-fi, horror, Dead Space 2"
659,47810,"dragon age,origins,ultimate edition,fantasy,rpg,game cover"
660,47890,"The Sims 3, video game, simulation, characters, green diamond, Sims 3 logo. 
The Sims 3, video game, simulation, characters, green diamond 
video game, The Sims 3, simulation, characters"
661,48000,"limbo, game, boy, darkness, shadows, mystery"
662,480490,"video game, sci-fi, action, Prey, Bethesda, space, futuristic"
663,481510,"night in the woods, video game, cartoon, illustration, fox, cat"
664,48190,"Assassin's Creed, Brotherhood, video game, characters, hooded figures, medieval attire"
665,482400,"sci-fi,video game,cyberpunk,futuristic,System Shock"
666,485510,"Nioh, video game, samurai, action, adventure, Complete Edition, Japan, feudal, warriors, katana"
667,486150,"radical, spectrum, volume, rainbow, text, black background"
668,48700,"warband, battle, legend, horseback, medieval, sword, horse, warrior, Mount&Blade"
669,48720,"warrior,fire,sword,armor,game"
670,488790,"South Park, video game, cartoon, Fractured but Whole"
671,488860,"video game, soldiers, guns, zombies, apocalypse"
672,489520,"minion masters, fantasy, game, cartoon, characters, minions, masters"
673,489630,"Warhammer, Gladius, Relics of War, sci-fi, fantasy, video game, orks, eldar, space marines"
674,489830,"The Elder Scrolls V, Skyrim, Special Edition, dragon, fantasy, video game"
675,490110,"police, cars, officer, crime, game, city"
676,491650,"sword, hill, reset, game over, pixel art"
677,4920,"sci-fi,video game,monster,alien,character,mask"
678,492720,"Tropico 6, video game, island, dictator, cartoon, military uniform"
679,493340,"rollercoaster, amusement park, theme park, Planet Coaster"
680,493490,"city, car, driving, game, video game"
681,493520,"video game, GTFO, horror, masks, red background"
682,494840,"uboat, submarine, war, naval, battle, aircraft, explosion"
683,49520,"video games, action, sci-fi, Borderlands 2, post-apocalyptic"
684,495420,"zombie,video game,post-apocalyptic,monster,horror"
685,495910,"gaming,online,anime,fantasy,female,video game"
686,496300,"kingdom, new lands, video game, horseback, adventure"
687,50,"gaming, Half-Life, soldier, gas mask"
688,500,"left4dead, game, zombies, gore, video game"
689,50130,"mafia,game,violence,men,suit"
690,501300,"book cover, silhouette, tower, mystery, Edith Finch"
691,502500,"fighter jet, aircraft carrier, Ace Combat 7, flight, clouds, military, aviation"
692,502520,"American Civil War, cannon, game, Ultimate General"
693,503940,"train, railway, empire, mountains, game"
694,504230,"video game, celeste, adventure, platformer, anime girl, strawberry, wings"
695,505460,"war, tank, soldiers, foxhole, warfare"
696,508290,"spaceship,ride,video game,pixel art,bitcoin"
697,508440,"battle, simulator, cartoon, medieval, fighting, characters, fantasy, war, game, TABS"
698,509980,"monster, Bigfoot, forest, creature, horror, Sasquatch"
699,512900,"video game, pixel art, rogue, action, adventure, streets"
700,513710,"violence,game,prisoner,blood,SCUM"
701,515570,"anime, girl, hat, dark, cyberpunk, illustration"
702,516750,"car, summer, vehicle, repair, game"
703,517630,"action,game,explosion,helicopter,video game"
704,517790,"Caesar, game, title, logo, III"
705,518150,"stealth, multiplayer, game, intruder, mask"
706,518790,"hunting, video game, forest, outdoors, adventure, theHunter Call of the Wild"
707,520440,"guilty gear, anime, fighting game, video game characters"
708,521890,"man,shovel,tree,bird,autumn,Hello Neighbor,game"
709,524220,"video game, action, androids, robots, battle, NieR:Automata"
710,524660,"chat,logo,text,speech bubble,black background"
711,526870,"factory,industrial,game,satisfactory"
712,527230,"fantasy, RPG, adventure, medieval, battle, For the King"
713,527430,"Warhammer, Inquisitor, Martyr, video game, sci-fi, futuristic, armor, fantasy"
714,528230,"game, action, robot, war, synthetik ultimate"
715,528740,"sci-fi, aliens, futuristic, game, operation new earth"
716,529340,"Victoria 3, game, advertisement, free trial, strategy"
717,531510,"game, music, shapes, beats, rhythm"
718,531640,"cowboy, gun, fantasy, hero, Eternal"
719,532110,"tree, roots, lake, red, mountains"
720,532210,"video game, Life is Strange 2, advertisement, BAFTA award, characters, promotional poster"
721,534380,"Dying Light 2, video game, zombie apocalypse, action, adventure, parkour"
722,535930,"game, hospital, doctors, Two Point Hospital"
723,536270,"monkeys, jungle, ancestors, evolution, apes"
724,537180,"Digimon, anime, cartoon, video game, characters, creatures"
725,537800,"bomber crew, game, cartoon, airplanes, pilots"
726,538030,"soldiers, guns, tactical, video game, XCOM"
727,538680,"anime, video game, Trails of Cold Steel, characters, swords, fantasy"
728,539720,"razor tron, neon, car, woman, futuristic"
729,541210,"ship, war, naval, battle, cold waters"
730,541300,"survival,horror,zombie,game,Survive the Nights"
731,541570,"Sally Face, cartoon characters, creepy, horror, video game, animation"
732,544550,"space, astronaut, game, Stationeers"
733,544730,"Catan, universe, game, fantasy, board game"
734,544750,"Soulcalibur VI, swords, warriors, fighting, video game, action, battle"
735,544810,"cards, game, world war, bullets, military, strategy"
736,546560,"video game, Half-Life, Alyx, ruins, destruction"
737,548430,"dwarves, mining, guns, adventure, sci-fi, fantasy, action, video game"
738,550,"video games, zombies, Left 4 Dead 2"
739,550470,"fantasy,fire,woman,dragon,game,Nostale"
740,550650,"soldiers, guns, tactical, game, Black Squad"
741,551170,"anime, characters, Onmyoji"
742,55150,"Warhammer, Space Marine, Anniversary Edition, video game, sci-fi, armor, sword"
743,552100,"truck, airplane, lego, BrickRigs"
744,55230,"video game, Saints Row, action, adventure, Xbox, PlayStation"
745,552500,"Warhammer, Vermintide, fantasy, action, video game, medieval, armor, fire"
746,552520,"video game, Far Cry 5, church, landscape, action, adventure, open-world, mountains, trees, fire, helicopter"
747,552990,"Star Trek, World of Warships, collaboration, ships, characters"
748,553420,"video game, cartoon, fox, sword, shield, forest, Tunic"
749,553520,"train, train simulator, video game, Rocky Mountaineer"
750,553790,"drama, mystery, thriller"
751,553850,"video game, Helldivers 2, action, sci-fi, futuristic, battle, aliens, spaceships, fantasy, adventure, democracy"
752,555160,"shooter,game,pavlov,gun,violence"
753,555570,"zombie apocalypse, video game, infestation, post-apocalyptic, zombies"
754,558990,"puzzle,game,magnum,opus,video game"
755,560130,"video game, fantasy, battle, adventure, sword, warriors, skull"
756,562360,"planes, bullets, vodka, aircraft, red background, cartoon style"
757,563560,"sci-fi,action,video game,shooting,futuristic"
758,56400,"Warhammer, Dawn of War, Retribution, video game, fantasy, character, armor, swords, dark, red, flames"
759,564230,"wrestling,fire,game,gaming,pro-wrestling"
760,567630,"sword, woman, warrior, anime, blood of steel"
761,567640,"Danganronpa, anime, video game, Killing Harmony, V3"
762,568220,"Lobotomy Corporation, anime, horror, video game, logo"
763,569480,"kingdoms,castles,dragon,gaming,update,video game"
764,570,"DOTA 2, fantasy, characters, heroes, warriors, game"
765,570940,"dark souls, remastered, armor, knight, fire, dark, fantasy"
766,571310,"SteamWorld, video game, cartoon, robot, mining, adventure, sci-fi, fantasy"
767,571740,"golf, game, entertainment, video game, golf it"
768,572890,"pikuniku, cartoon, game, characters, colorful"
769,573090,"helicopter, game, update, stormworks, sailing"
770,573100,"battlefleet gothic, video game, sci-fi, space battle, futuristic, ships"
771,575720,"game, bird, armor, fantasy, cards"
772,578080,"PUBG, Battlegrounds, soldiers, battle, war, fighting, guns, game"
773,578330,"Lego, City Undercover, video game, character, blue background"
774,578650,"space, adventure, video game, sci-fi, fantasy, exploration, futuristic"
775,581320,"insurgency, sandstorm, soldier, gun, new operation"
776,582010,"monster hunter world, dragon, hunter, action, fantasy, game"
777,582160,"Assassin's Creed Origins, pyramid, sphinx, Egypt, video game"
778,582500,"survival,horror,winter,snow,game"
779,582660,"action, fantasy, game, armor, sword, knight, battle, adventure, medieval, Black Desert"
780,584400,"Sonic, Mania, video game, characters, yellow background"
781,585420,"videogame,trailmakers,explosion,action,adventure,robot,character"
782,586140,"anime, BlazBlue, video game, characters, fantasy"
783,586200,"Street Fighter, 30th Anniversary Collection, fighting, characters, video game, anniversary"
784,586350,"punk rock, musician, mask, black background, red accents, spiked mask, Corey Taylor, Slipknot"
785,588030,"train, simulator, derail valley, game, locomotive"
786,588430,"video game, Fallout Shelter, cartoon, vault, people"
787,588650,"action,roguelike,video game,Dead Cells,fantasy,rogue-lite"
788,589290,"war, soldiers, historical, strategy, Holdfast, battle, update, game"
789,589590,"kindergarten, children, parents, teachers, pixel art, school"
790,590380,"robot, city, mecha, video game, sci-fi, futuristic"
791,593600,"pixark, dinosaurs, cartoon, video game"
792,594570,"Total War, Warhammer 2, fantasy, strategy, game, dragon, knight, battle, medieval, mythology"
793,594650,"hunting,game,violence,western,action"
794,595520,"video game, Final Fantasy XII, airship, fantasy, clouds, blue sky"
795,597170,"clone drone, danger zone, 3D, action, video game, robots, battle"
796,597180,"war, battle, medieval, strategy, old world, army, city, siege"
797,597220,"cowboy, gun, beer, west, loathing, desert"
798,599140,"graveyard,keeper,games,video game,skeleton,donkey,shovel,horror,cartoon,comedy,funny,death,undead,creepy,spooky,fun,entertainment"
799,599390,"battle,map,shield,swords,fantasy,game"
800,600750,"Star Trek,spaceships,space battle,futuristic,sci-fi,game"
801,601050,"anime, titans, monsters, action, fighting, Attack on Titan 2"
802,601150,"video games, action, Devil May Cry 5, fantasy, demons"
803,601430,"horror, video game, survival, The Evil Within 2"
804,601510,"Yu-Gi-Oh, anime, duel, links, game, characters"
805,601840,"sci-fi,video game,fantasy,characters,action,adventure,animation,combat,futuristic,space,robots,aliens,swords,shooter,hero,team,mission,quest,Griftlands"
806,6020,"Star Wars, Jedi Knight, Jedi Academy, game, video game"
807,602320,"train, city, tracks, yellow, train valley 2"
808,602960,"sci-fi,video game,horror,underwater,Barotrauma"
809,603850,"game, map, strategy, world, history"
810,604500,"tank, war, battle, force, game, military, army, combat"
811,605740,"emergency services, police, fire, badge, flashing lights"
812,6060,"Star Wars, Battlefront II, clone trooper, lightsabers, battle scene"
813,606150,"video game, demo, adventure, action, fantasy, moonlighter2"
814,607080,"psychonauts,video game,character,monster,forest,magic,supernatural,psychedelic,artwork"
815,610080,"game, castle, pixel art, fantasy, strategy"
816,610180,"party games, Jackbox, multiplayer, video games, gaming"
817,610370,"western,desperados,game,action,adventure,gunfight,cowboy"
818,611150,"anime,girls,game,art,yellow,Your Sisters"
819,611500,"Quake, Champions, game, logo, red, silver, black"
820,611670,"The Elder Scrolls V: Skyrim, VR, fantasy, sword, game"
821,611790,"party, game, DLC, people, characters, house"
822,612020,"zombies, grim reaper, cartoon, zombies apocalypse, fighting, video game"
823,612880,"video game, Wolfenstein, action, shooter, FPS, Bethesda"
824,613100,"construction, renovation, house, blueprint, hammer, hardhat"
825,613830,"Chrono Trigger, video game, characters, RPG, anime, fantasy"
826,616720,"software, viewer, Live2D, colorful, graphic design"
827,617290,"post-apocalyptic, video game, Remnant, action, survival, ruins, destruction, gun, hat, ashes"
828,619820,"Heroes of Hammerwatch II, game, fantasy, strategy, video game, title screen"
829,620,"portal,robot,game,video game,portal 2"
830,620980,"beat saber, neon, red, blue, game"
831,621060,"PC building simulator, computer parts, IT expansion"
832,621830,"racing, car, wrc, game, rally, video game, dirt, speed, action, adventure"
833,625960,"game, Stone Shard, medieval, fantasy, camp, castle"
834,627270,"superhero,superman,fighting,video game,Injustice 2"
835,627690,"idle champions, Dungeons & Dragons, video game, character, logo"
836,628050,"video game,romance of the three kingdoms,characters,warriors,simulation"
837,628060,"warriors, swords, battle, armor, men, japanese, characters"
838,628070,"Romance of the Three Kingdoms, video game, Japanese text, characters, historical figures, warriors, strategy game"
839,628080,"game, characters, warriors, swords, video game, Romance of the Three Kingdoms"
840,628890,"Nobunaga's Ambition, Taishi, samurai, sword, Japan, video game, strategy"
841,629520,"soundpad,headphones,audio,software,red,logo"
842,629730,"VR, fantasy, sword fighting, sorcery, magic, game"
843,629760,"medieval,warrior,sword,shield,armor,game"
844,629820,"shark, video game, action, horror, man-eater"
845,631510,"Devil May Cry, HD Collection, video games, action, anime"
846,632300,"hobo, homeless, fire, survival, rough"
847,632360,"video game, Risk of Rain 2, characters, action, adventure, fantasy"
848,632470,"Disco Elysium, video game, sci-fi, RPG, fantasy, adventure"
849,632810,"soundpad,demo,audio,software"
850,633230,"Naruto, Boruto, Shinobi Striker, anime, fighting game"
851,635260,"cars, drifting, racing, game, update"
852,636150,"cyberpunk,spaceship,futuristic,science fiction,video game"
853,636480,"game, soldiers, desert, plane, ravenfield"
854,637090,"sci-fi,robots,fighting,mech,video game"
855,637650,"Final Fantasy, video game, sword, Windows Edition"
856,638970,"Yakuza, video game, characters, men, suits, red background"
857,640380,"glitch,art,video game,sci-fi,futuristic"
858,640820,"Pathfinder, Kingmaker, fantasy, RPG, video game, Enhanced Plus Edition, characters, action, adventure. 
Pathfinder Kingmaker, fantasy RPG, video game, action, adventure, characters, Enhanced Plus Edition"
859,641320,"cooking, simulator, knife, vegetables, game"
860,641990,"prison,escape,game,videogame,The Escapists 2"
861,644560,"anime, girl, sword, mask, window, cherry blossoms"
862,644930,"steampunk, zombies, strategy, game, apocalypse"
863,645260,"fishing, game, fish, boat, sea"
864,645630,"cars, garage, repair, simulator, game"
865,646570,"action,game,adventure,video game,Slay the Spire,cards,rogue-like,deck-builder,fantasy,character,armor,sword,fire,explosion."
866,646910,"racing, car, The Crew 2, Ubisoft, game cover"
867,647830,"Lego, Marvel, Superheroes, 2, Captain America, Thor, Hulk"
868,647960,"pixelated, video game, warfare, ships, battle, water, pixel art"
869,648100,"Raging Loop, anime, manga, characters, video game"
870,648350,"Jurassic World, dinosaur, game, Evolution, T-Rex"
871,648800,"raft,shark,boat,survival,game"
872,653530,"video game, pirate ship, Obra Dinn, Return of the Obra Dinn"
873,654890,"American Civil War, game, Grand Tactician, history, strategy"
874,655500,"motorcross, dirt bikes, racing, MX Bikes"
875,656350,"mining,adventure,game,undermine,cartoon,characters"
876,65800,"game, Dungeon Defenders, cartoon, character, sword"
877,658850,"game, monkeys, security camera, pizza"
878,65980,"Civilization, Beyond Earth, space, game, sci-fi"
879,663090,"anime, sword, fantasy, magic, characters"
880,665300,"pixel art,stream avatars,video games,gaming,streaming"
881,666140,"farming,video game,animation,cartoon,my time at portia"
882,666150,"dinosaurs,prehistoric kingdom,game,logo,jurassic,prehistory,fantasy,simulation"
883,666860,"video game, quest, bit heroes, medieval, fantasy, adventure, pixel art, shield, sword, knight"
884,667970,"fighter jets, virtual reality, VTOL VR, aircraft, military simulation"
885,668580,"video game,Atomic Heart,post-apocalyptic,futuristic,sci-fi,action"
886,669330,"robot, mecha, game, mechabellum, battle, futuristic"
887,670290,"billiards, pool table, game, 3D simulation"
888,671860,"war, battle, soldier, tank, game, remastered"
889,672680,"war, strategy, 1942, supremacy, game, map, soldiers, flag"
890,672870,"widgets, wallpaper, appdrawer, screenplay"
891,673610,"airport, airplane, CEO, management, aviation, clouds"
892,673750,"game, bunny, cartoon, platformer, characters"
893,673880,"Warhammer, sci-fi, robots, Mechanicus, battle, futuristic, space marines"
894,673950,"farming,game,tractor,cartoon,farm,agriculture"
895,674140,"cartoon,game,bugs,adventure,characters"
896,674940,"stick fight, game, fighting, stickmen, cartoon"
897,675010,"trucks,mud,racing,off-road,game"
898,677120,"video game, pixel art, title screen, Heroes of Hammerwatch"
899,677620,"splitgate, video game, futuristic, action, sci-fi"
900,678800,"zombie, game, sas, assault"
901,678950,"Dragonball FighterZ, anime, fighting game, action, cartoon"
902,678960,"anime,game,action,fantasy,characters,Code:Vein"
903,679900,"game,sword,fantasy,adventure,video game"
904,680420,"sci-fi,action,video game,Outriders,post-apocalyptic,fantasy,characters,gun,violence"
905,681280,"mountain biking, descenders, extreme sports, freeriding, video game"
906,683320,"blue hair, crying, anime, girl, tears, sad, blue background"
907,683900,"rollercoaster, tycoon, classic, game, amusement park"
908,684450,"apocalypse, survival, destruction, disaster, aftermath"
909,6860,"Hitman, Blood Money, video game, assassin, suit"
910,686810,"war, planes, explosions, Hell Let Loose, soldier, battle, game, destruction, chaos, warfare"
911,688420,"Vikings,game,warriors,masks,Bad North"
912,688470,"warrior, armor, horse, moon, night, clouds, battle, chinese characters"
913,690640,"game, fantasy, adventure, Trine 4, Nightmare Prince"
914,690790,"racing, dirt, rally, subaru, car, game, video game"
915,690830,"village,windmill,game,foundation,building,cartoon"
916,6910,"Deus Ex, video game, cyberpunk, futuristic, Adam Jensen"
917,692850,"video games, Bloodstained, Ritual of the Night, anime, gothic, dark art"
918,692890,"robots,fighting,futuristic,action,game,robot battle,cyberpunk,animation,video game"
919,694280,"zombies,video game,horror,undead,warfare"
920,698780,"Doki Doki Literature Club, anime girl, heart, pink background, school uniform"
921,699130,"video game, zombies, apocalypse, Las Vegas, action, adventure"
922,699170,"fantasy,adventure,game,characters,sword,fellseal"
923,70,"gaming, Half-Life, video game, Gordon Freeman"
924,700330,"gaming, video game, secret laboratory, tooth & nail"
925,700600,"evil genius, video game, world domination"
926,701160,"fantasy,game,illustration,fantasy art,video game"
927,701470,"glitch,art,distorted,man,head,eye,black,background,pink,letters"
928,702320,"battle,warriors,medieval,army,castle,knights,swords,shields,battlefield,flags"
929,703080,"zoo, lions, video game, animals"
930,704270,"robots, war, action, futuristic, battle"
931,704450,"Neverwinter Nights, fantasy, RPG, video game, Enhanced Edition"
932,704850,"thief, simulator, house, night, burglar"
933,705210,"game, cube, racer, crown, racing"
934,707010,"zombie,game,free,apocalypse,horror,post-apocalyptic"
935,712100,"war, strategy, game, kings, medieval, Britain"
936,71250,"Sonic, Adventure, DX, Director's Cut, Dreamcast, Collection, video game"
937,714010,"AIMLABS, eggs, explosion, logo, teal, dark background"
938,718670,"cult,simulation,game,video game,doomsday cult,cultist simulator"
939,718850,"sci-fi,space,game,video game,fantasy,futuristic,planet,warrior,robots,aliens"
940,719040,"post-apocalyptic, video game, Wasteland 3, guns, armor, gas mask"
941,719640,"tanks, war, battle, explosions, destruction, military, game"
942,719890,"dinosaurs, Bermuda, triangle, pterodactyls, island"
943,720620,"gaming, dice, Tale Spire, logo, role-playing"
944,72850,"gaming, fantasy, action, adventure, Skyrim, Elder Scrolls"
945,728530,"SD Gundam G Generation, Cross Rays, video game, Gundam"
946,728880,"cooking, cartoon, game, video game, Overcooked2"
947,729040,"video games, action, post-apocalyptic, Borderlands, mask, explosions"
948,730,"counter strike 2, gaming, fps, video game, cs2"
949,731490,"Crash Bandicoot, video game, platformer, cartoon, adventure"
950,739630,"horror,game,title,screen,phasmophobia"
951,753,"Steam, logo, gaming, black, white"
952,7600,"train, railroad, game, sid meier's railroads"
953,7620,"train, railroad, tycoon, game, steam engine, locomotive"
954,78000,"game,bejeweled,jewel,puzzle,match-3"
955,7940,"Call of Duty, Modern Warfare, soldier, war, military, game, action, video game, combat, helicopter"
956,80,"Counter Strike, guns, masks, terrorists, game cover"
957,814380,"action, samurai, game, sekiro, shadows die twice, japanese architecture, fire, sword"
958,8190,"action,explosion,game,just cause 2,video game"
959,8500,"gaming, Eve Online, free to play, sci-fi, video game, space, futuristic"
960,8800,"Civilization, video game, sci-fi, futuristic, strategy"
961,8870,"video games, Bioshock Infinite, woman, shocked expression, game logo"
962,892970,"Valheim, Viking, campfire, survival, Norse, fantasy, adventure, game, Nordic, mythology"
963,8930,"Civilization V, strategy, war, historical, game, Sid Meier"
964,8980,"video,game,borderlands,action,shooter,characters"
965,899770,"Last Epoch, Tombs of the Erased, Season 2, video game, fantasy, RPG, action, adventure"
966,9420,"supreme commander, video game, mechs, robots, sci-fi, futuristic"
967,9450,"Warhammer, Dawn of War, Soulstorm, fantasy, war, battle, armor, sword, female warrior. 
No, 
Warhammer,Dawn of War,Soulstorm,fantasy,war,battle,armor,sword,female warrior"
968,945360,"Among Us, cartoon characters, space, multiplayer game, social deduction"
969,9480,"video games, Saints Row 2, guns, action, adventure"
970,9880,"superheroes, action, game, Champions Online, characters, cityscape"
971,9900,"Star Trek, online game, science fiction, characters, spaceship"
972,990080,"Hogwarts, magic, fantasy, wizard, game, legacy, castle, flying"
973,99900,"video game, Spiral Knights, characters, robots, futuristic"
974,99910,"pirates, puzzle, cartoon, sea, ships, battle, game"
